STATION_CODE,LOCATIONS,STATE,Temp,DO_mgl,PH,CONDUCTIVITY_mhoscm,BOD_mgl,NITRATENAN_N_NITRITENANN_mgl,FECAL_COLIFORM_MPN100ml,TOTAL_COLIFORM_MPN100mlMean,year,STATION_CODE_numeric,LOCATIONS_numeric,STATE_numeric,Temp_numeric,DO_mgl_numeric,PH_numeric,CONDUCTIVITY_mhoscm_numeric,BOD_mgl_numeric,NITRATENAN_N_NITRITENANN_mgl_numeric,FECAL_COLIFORM_MPN100ml_numeric,TOTAL_COLIFORM_MPN100mlMean_numeric
1393,"DAMANGANGA AT D/S OF MADHUBAN, DAMAN",DAMAN & DIU,30.6,6.7,7.5,203,NAN,0.1,11,27,2014,32,83,21,163,100,179,313,407,13,81,429
1399,"ZUARI AT D/S OF PT. WHERE KUMBARJRIA CANAL JOINS, GOA",GOA,29.8,5.7,7.2,189,2,0.2,4953,8391,2014,33,664,51,155,69,150,287,177,48,657,1012
1475,ZUARI AT PANCHAWADI,GOA,29.5,6.3,6.9,179,1.7,0.1,3243,5330,2014,56,665,51,151,84,114,259,81,13,501,768
3181,RIVER ZUARI AT BORIM BRIDGE,GOA,29.7,5.8,6.9,64,3.8,0.5,5382,8443,2014,260,495,51,154,70,114,797,274,137,687,1016
3182,RIVER ZUARI AT MARCAIM JETTY,GOA,29.5,5.8,7.3,83,1.9,0.4,3428,5500,2014,261,496,51,151,70,160,915,95,113,525,790
1400,"MANDOVI AT NEGHBOURHOOD OF PANAJI, GOA",GOA,30,5.5,7.4,81,1.5,0.1,2853,4049,2014,34,275,51,157,65,170,903,69,13,443,632
1476,"MANDOVI AT TONCA, MARCELA, GOA",GOA,29.2,6.1,6.7,308,1.4,0.3,3355,5672,2014,57,277,51,148,77,99,482,64,84,516,802
3185,RIVER MANDOVI AT AMONA BRIDGE,GOA,29.6,6.4,6.7,414,1,0.2,6073,9423,2014,264,471,51,152,87,99,604,39,48,720,1067
3186,RIVER MANDOVI AT IFFI JETTY,GOA,30,6.4,7.6,305,2.2,0.1,3478,4990,2014,265,472,51,157,87,189,477,192,13,530,733
3187,RIVER MANDOVI NEAR HOTEL MARRIOT,GOA,30.1,6.3,7.6,77,2.3,0.1,2606,4301,2014,266,473,51,158,84,189,881,197,13,409,661
1543,"RIVER KALNA AT CHANDELNAN PERNEM, GOA",GOA,27.8,7.1,7.1,176,1.2,0.1,4573,7817,2014,58,459,51,125,119,141,252,50,13,629,976
1548,"RIVER ASSONORA AT ASSONORA, GOA",GOA,27.9,6.7,6.4,93,1.4,0.1,2147,3433,2014,63,445,51,126,100,79,971,64,13,335,551
2276,"RIVER BICHOLIM VARAZAN NAGAR , BICHOLIM",GOA,29.3,7.4,6.8,121,1.7,0.4,11633,18125,2014,138,451,51,149,129,108,89,81,113,98,261
2275,"RIVER CHAPORA NEAR ALORNA FORT ,PERNEM",GOA,29.2,6.9,7,620,1.1,0.1,3500,6300,2014,137,453,51,148,109,128,782,46,13,535,863
3189,RIVER CHAPORA AT SIOLIM,GOA,30,6,7.5,72,1.6,0.2,4995,9517,2014,268,452,51,157,73,179,849,74,48,660,1071
1546,"RIVER KHANDEPAR AT OPA NAN PONDA, GOA",GOA,29,7.3,7,247,1.5,0.2,1095,2453,2014,61,465,51,145,127,128,395,69,48,80,395
2270,"RIVER KHANDEPAR AT CODLI NEAR BRIDGE ,U/S OPA WATERWORKS,SANGUEM",GOA,29.1,7.3,7,188,1,0.1,1286,3048,2014,132,463,51,147,127,128,283,39,13,132,494
2272,"RIVER KUSHAWATI NEAR BUND AT KEVONA,RIVON,SANGUEM",GOA,28.7,7,6.9,224,1.2,0.3,3896,6742,2014,134,466,51,139,114,114,354,50,84,567,903
1545,"RIVER MADAI AT DABOS NAN  VALPOI, GOA",GOA,28.7,7.3,6.7,144,1.5,0.1,1940,3052,2014,60,470,51,139,127,99,181,69,13,293,498
2274,RIVER MAPUSA ON CULVERT ON HIGHWAY MAPUSANANPANAJI,GOA,29.5,5.3,6.8,319,1.8,0.3,6458,10250,2014,136,474,51,151,60,108,501,90,84,738,13
2271,"RIVER SAL PAZORKHONI,CUNCOLIM(NEAR CULVERT MARGAONAN CANACONA NATIONAL HIGHWAY)",GOA,29,6.3,6.4,79,1.6,1.4,7592,12842,2014,133,484,51,145,84,79,892,74,256,782,107
2273,"RIVER SAL NEAR HOTEL LEELA MOBOR,CAVELOSSIM",GOA,29.4,5.4,7.6,39,1.4,0.1,3176,6367,2014,135,482,51,150,62,189,577,64,13,490,870
3183,"RIVER SAL AT KHAREBAND, MARGAO",GOA,28.3,2.2,6.5,322,4.7,1.2,11210,14920,2014,262,480,51,133,20,84,504,316,236,87,171
3184,"RIVER SAL AT ORLIM BRIDGE, ORLIM",GOA,30.1,5.2,7.1,192,2.6,0.3,5073,8925,2014,263,481,51,158,59,141,294,206,84,668,1037
3190,RIVER SINQUERIM (CANDOLIM SIDE NEAR BRIDGE),GOA,30.3,5.6,7.5,282,1.8,0.1,3205,5082,2014,269,485,51,160,67,179,442,90,13,496,747
3191,RIVER SINQUERIM NEAR NERUL TEMPLE,GOA,30.5,5.5,7.4,275,1.5,0.1,4698,8625,2014,270,486,51,162,65,170,432,69,13,637,1024
1547,"RIVER TALPONA AT CANACONA, GOA",GOA,29.1,7.3,6.7,55,1.4,0.1,2638,4003,2014,62,490,51,147,127,99,724,64,13,414,628
3188,RIVER TIRACOL AT TIRACOL,GOA,30.1,6.5,7.5,415,2,0.1,864,1538,2014,267,491,51,158,91,179,605,177,13,823,187
1544,"RIVER VALVANT AT SANKLI NAN BICHOLIM, GOA",GOA,29.2,7.2,6.3,100,1.5,0.1,7942,13575,2014,59,493,51,148,124,78,1,69,13,796,131
2651,"AMBA RIVER AT D/S OF WAKEN BRIDGENANU/S OF JS PETROCHEMICALS, WAKENPHATA, ROHA",MAHARASHTRA,25.1,6.6,7.8,95,4.9,0.2,16,36,2014,194,12,79,86,95,207,979,318,48,214,579
1461,"BHATSA AT D/S OF PISE DAM NEAR PISE VILLAGE (ULHAS), MAHARASHTRA",MAHARASHTRA,29.6,6.9,7.9,99,5,0.4,15,34,2014,53,41,79,152,109,218,998,332,113,191,545
2653,"BHATSA RIVER AT D/S OF LIBERTY OIL MILLS, SATNEL, SHAHAPUR, THANE",MAHARASHTRA,27.4,6.8,7.7,85,5.2,0.3,11,23,2014,195,44,79,117,105,199,923,336,84,81,369
2654,"BHATSA RIVER AT U/S OF LIBERTY OIL MILLS, SATNEL, SHAHAPUR, THANE",MAHARASHTRA,27.8,6.7,7.8,80,4.9,0.3,12,29,2014,196,45,79,125,100,207,899,318,84,105,468
1092,"KALU AT ATALE VILLAGE, MAHARASHTRA",MAHARASHTRA,30.6,5.1,7.3,3937,10.3,1.8,31,83,2014,4,206,79,163,56,160,581,99,290,482,1004
2670,"KAN RIVER, NEAR SAKRI WATER WORKS, SAKRI, DHULE.",MAHARASHTRA,25,5.6,7.9,468,3.6,1.9,66,164,2014,197,209,79,85,67,218,653,268,296,743,218
1152,"KUNDALIKA AT ROHA CITY, MAHARASHTRA",MAHARASHTRA,25,6.4,7.6,541,5.7,0.6,23,45,2014,11,244,79,85,87,189,718,345,159,362,684
2198,KUNDALIKA RIVER AT ARE KHURD ( SALINE ZONE ),MAHARASHTRA,25,5.5,7.4,6166,7.7,1.1,44,67,2014,130,246,79,85,65,170,778,381,229,612,901
2671,"KUNDALIKA RIVER NEAR SALAV BRIDGE (SALINA ZONE), SALAV, ROHA, RAIGAD",MAHARASHTRA,25.3,5.3,7.7,24062,9.9,1.2,156,304,2014,198,249,79,88,60,199,381,406,236,207,492
2672,"KUNDALIKA RIVER AT DHATAV AT JACKWELL (DRINKING WATER  PUMPING STATIONNANSWEET ZONE), ROHA",MAHARASHTRA,25.1,6.7,7.6,83,4.8,0.2,28,76,2014,199,247,79,86,100,189,915,317,48,433,967
2168,MITHI RIVER,MAHARASHTRA,26.1,3.6,7.4,4424,31.3,2.2,276,474,2014,129,300,79,97,34,170,630,280,360,428,712
2676,"MUCHKUNDI RIVER AT  WAKED,RATNAGIRI, NEAR M/S ASAHI INDIA GLASS LTD., LANJA, RATNAGIRI.",MAHARASHTRA,21.4,7.2,7.7,226,3.1,0.8,NAN,130,2014,200,303,79,51,124,199,358,256,190,869,111
1151,"PATALGANGA AT SHILPHATA, MAHARASHTRA",MAHARASHTRA,27.4,5.9,7.4,268,6.4,0.4,37,68,2014,10,359,79,117,72,170,426,361,113,547,907
1462,"PATALGANGA NEAR INTAKE OF MIDC W/W, MAHARASHTRA",MAHARASHTRA,27.1,5.4,7.5,2413,7.4,1.5,59,116,2014,54,362,79,112,62,179,383,375,264,710,63
2685,"PATALGANGA RIVER AT D/S OF KHARPADA BRIDGE, RAIGAD.",MAHARASHTRA,27.2,5.8,7.3,384,5.4,0.6,37,78,2014,201,364,79,113,70,160,571,338,159,547,973
2686,"PATALGANGA RIVER AT VYAL PUMP HOUSE , KHALAPUR, RAIGAD.",MAHARASHTRA,27.3,5.9,7.4,269,5.1,1.2,34,60,2014,202,371,79,116,72,170,427,334,236,521,833
2687,"PATALGANGA RIVER AT KHALAPUR PUMPING STATION, KHALAPUR, RAIGAD.",MAHARASHTRA,27,6,7.3,269,8.5,0.4,32,58,2014,203,368,79,111,73,160,427,390,113,493,814
2688,"PATALGANGA RIVER AT SAVROLI BRIDGE, KHALAPUR, RAIGAD.",MAHARASHTRA,27.2,6.1,7.3,196,6.1,0.5,30,63,2014,204,369,79,113,77,160,301,357,137,467,862
2689,"PATALGANGA RIVER AT GAGANGIRI MAHARAJ TEMPLE, KHOPOLI, RAIGAD.",MAHARASHTRA,27,5.9,7.4,269,6.4,0.4,19,47,2014,205,366,79,111,72,170,427,361,113,279,708
2696,"PEHLAR DAM ON PEHLAR RIVER INLET OF WATER WORKS, VASAI, THANE.",MAHARASHTRA,22.6,6.3,7.8,223,4.6,0.9,15,32,2014,206,377,79,62,84,207,353,313,206,191,523
2199,SAVITRI RIVER AT OVALE VILLAGE.,MAHARASHTRA,28.4,6.7,7.3,9293,3.5,1.8,NAN,0,2014,131,517,79,134,100,160,970,265,290,869,1
2701,"SAVITRI RIVER JACKWELL AT UPSA KENDRE, NANGALWADI, MAHAD, RAIGAD",MAHARASHTRA,28,6.8,7.2,170,3.1,1.4,NAN,0,2014,207,519,79,127,105,150,244,256,256,869,1
2702,"SAVITRI RIVER AT SHEDAV DOH, MAHAD,RAIGAD",MAHARASHTRA,27.6,6.8,7.3,4175,3.3,1.6,NAN,0,2014,208,518,79,120,105,160,607,263,273,869,1
2703,"SAVITRI RIVER AT DADLI BRIDGE, DADLI, MAHAD, RAIGADH",MAHARASHTRA,27.9,6.9,7.3,4282,3.3,1.6,NAN,0,2014,209,515,79,126,109,160,618,263,273,869,1
2704,"SAVITRI RIVER AT MUTHAVALI VILLAGE, MAHAD, RAIGADH",MAHARASHTRA,28.1,6.9,7.3,5551,3.4,1.7,NAN,0,2014,210,516,79,128,109,160,730,264,282,869,1
2706,"SURYA RIVER, U/S OF SURYA DAM, DHAMMI, VIKRAMGAD, THANE",MAHARASHTRA,27.1,6.8,7.9,5390,4.9,0.8,15,28,2014,211,533,79,112,105,218,715,318,190,191,446
2707,"SURYA RIVER AT MIDC PUMPING STATION, GARVASHET, PALGHAR, THANE",MAHARASHTRA,27.6,6.6,8.1,161,4.6,0.3,16,32,2014,212,531,79,120,95,235,221,313,84,214,523
2708,"SURYA RIVER AT INTAKE OF VASAINANVIRAR W/S SCHEME, MASVAN, PALGHAR, THANE",MAHARASHTRA,27.3,6.7,8,138,5,0.3,14,33,2014,213,530,79,116,100,232,156,332,84,165,535
2709,"TANSA RIVER NEAR ROAD BRIDGE, VILLAGE DAKEWALI, WADA, THANE",MAHARASHTRA,27.8,6.7,7.8,81,4.9,0.3,14,35,2014,214,565,79,125,100,207,903,318,84,165,560
1093,"ULHAS AT U/S OF NRC BUND AT MOHANE, MAHARASHTRA",MAHARASHTRA,28,5.9,7.7,194,5.5,0.6,22,51,2014,5,600,79,127,72,199,297,340,159,341,748
1094,"ULHAS AT U/S OF BADLAPUR, MAHARASHTRA",MAHARASHTRA,28.1,6.3,7.6,186,4.6,0.6,13,31,2014,6,598,79,128,84,189,277,313,159,138,505
2162,ULHAS RIVER ATJAMBHUL WATER WORKS.,MAHARASHTRA,28.6,6.6,7.6,207,4.7,0.7,12,31,2014,127,604,79,137,95,189,323,316,175,105,505
2712,"VAITARNA RIVER NEAR ROAD BRIDGE, GANDHARE VILLAGE, WADA, THANE.",MAHARASHTRA,26.9,6.8,7.7,85,5,0.4,15,34,2014,215,632,79,110,105,199,923,332,113,191,545
2164,VASHISTI RIVER AT U/S OF THREE M PAPER MILLS NEAR M/S MULTIFILMS PLASTIC PVT. LTD. AT KHERDI.,MAHARASHTRA,23,7.1,7.4,176,2.7,0.9,NAN,30,2014,128,653,79,65,119,170,252,210,206,869,484
2713,"VASHISHTI RIVER AT D/S OF THREE M PAPER MILLS NEAR CHIPLUN WATER INTAKE JACKWELL, KHERDI, RATNAGIRI",MAHARASHTRA,23,7,7.4,178,2.7,0.9,NAN,40,2014,216,648,79,65,114,170,255,210,206,869,626
2714,"VASHISHTI RIVER AT U/S OF POPHALI NEAR KONPHANSAWANE BRIDGE, CHIPLUN, RATNAGIRI",MAHARASHTRA,23,7.2,7.2,180,2.7,1,NAN,70,2014,217,649,79,65,124,150,261,210,220,869,928
1342,"ACHENKOIL AT THUMPAMON, KERALA",KERALA,25.1,6.7,7.5,85,1.4,1,183,420,2014,30,6,66,86,100,179,923,64,220,269,646
1443,"ACHENKOIL AT CHENNITHULA, KERALA",KERALA,24.6,5.8,7.4,77,1.4,0.8,285,691,2014,45,1,66,81,70,170,881,64,190,442,922
3465,"ACHENKOIL AT KALLARAKADAVU, PATHANAMTHITTA",KERALA,25.7,6.6,7.5,75,1.4,0.7,183,448,2014,313,2,66,93,95,179,868,64,175,269,683
3466,"ACHENKOIL AT PANDALAM (NEAR AYYAPPA TEMPLE), PATHANAMTHITTA",KERALA,24.8,6.7,7.5,82,1.4,1,161,443,2014,314,3,66,83,100,179,907,64,220,217,678
2297,R ANCHARAKANDY AT MERUVAMBA,KERALA,27.3,6.7,6.9,56,0.9,0.2,82,172,2014,152,392,66,116,100,114,732,30,48,806,238
2319,R ANCHARAKANDY AT MERUVAMBA,KERALA,27.5,6.5,6.7,2240,1.2,0.2,136,304,2014,163,392,66,119,91,99,355,50,48,159,492
2286,R AYROOR AT AYROOR BRIDGE,KERALA,25.2,6.3,6.9,73,1.6,0,787,2008,2014,141,393,66,87,84,114,854,74,1,794,305
2331,R BHARATHAPUZHA AT KUTTIPPURAM,KERALA,29.9,7,7.4,130,0.7,0.1,301,590,2014,165,394,66,156,114,170,128,23,13,471,825
2332,R BHARATHAPUZHA AT PATTAMBI,KERALA,29.8,6.6,7.7,191,1.6,0.2,362,661,2014,166,395,66,155,95,199,293,74,48,544,894
1154,"CHALAKUDY AT PULICKALKANANDAVU, KERALA",KERALA,27.8,6.9,6.9,134,1.1,0.4,249,531,2014,12,57,66,125,109,114,143,46,113,393,767
20,"CHALIYAR AT KOOLIMADU, KERALA",KERALA,26.7,7,7.5,80,0.8,0.4,2573,3583,2014,116,62,66,106,114,179,899,25,113,404,577
21,"CHALIYAR AT CHUNGAPALLY, KERALA",KERALA,25.8,6.7,7.4,14526,0.8,0.6,1411,1969,2014,126,59,66,94,100,170,188,25,159,170,292
3464,"CHALIYAR AT NILAMBUR, MALAPPURAM",KERALA,26.4,7.2,7.4,82,0.7,0.5,840,1311,2014,312,63,66,102,124,170,907,23,137,815,116
1572,"CHANDRAGIRI AT PADIYATHADKA, KERALA",KERALA,29.8,7.5,7.2,67,1.1,0.1,76,590,2014,73,65,66,155,130,150,813,46,13,783,825
1573,"CHITRAPUZHA AT IRUMPANAM, KERALA",KERALA,28.6,3,6.6,965,1.7,1.2,247,530,2014,74,69,66,137,27,92,986,81,236,390,766
2295,R CORAPUZHA AT KANAYANKODE,KERALA,26.9,5.9,7.4,17990,0.7,0.5,1888,2803,2014,150,396,66,110,72,170,260,23,137,277,449
1564,"R ITHIKKARA AT AYUR, KERALA",KERALA,26,6.7,7.5,90,1.6,0.9,199,473,2014,65,397,66,96,100,179,955,74,206,303,711
2287,R ITHIKKARA AT ITHIKKARA,KERALA,23.6,6.1,7.4,4429,2,1.6,243,550,2014,142,398,66,71,77,170,631,177,273,386,789
1566,"R KADALUNDI AT THIRURANGADY, KERALA",KERALA,30.3,6.7,6.9,87,1.7,0.2,155,350,2014,67,401,66,160,100,114,935,81,48,203,561
2293,R KADALUNDI AT HAJIRAPPALLY,KERALA,30.7,6.9,6.8,85,1.6,0.2,82,206,2014,148,399,66,164,109,108,923,74,48,806,315
2337,R KADAMBAYAR AT BRAHMAPURAM,KERALA,28.7,2.1,6.8,101,1.6,0.8,431,694,2014,171,402,66,139,19,108,5,74,190,608,923
2338,R KADAMBAYAR AT MANCKAKADAVU,KERALA,28.2,2.5,6.9,83,1.9,0.3,353,656,2014,172,403,66,130,22,114,915,95,84,538,888
42,"KALLADA AT PERUMTHOTTAMKADAVU, PUNALOOR, KERALA",KERALA,24.8,7.2,7.6,75,1.4,1,188,426,2014,318,202,66,83,124,189,868,64,220,276,651
2294,R KALLAI AT KALLAI BRIDGE,KERALA,26.3,3.7,7.7,32005,1.2,0.9,40000,60392,2014,149,404,66,100,35,199,503,50,206,578,838
3460,"KALPATHI PUZHA AT KALPATHI, PALAKKAD",KERALA,29.2,6.1,7.6,281,1.2,0.7,384,718,2014,311,204,66,148,77,189,441,50,175,560,943
3458,KARAPUZHA DAM AT WAYANAD,KERALA,26.6,6.7,7.6,106,0.5,2.5,44,71,2014,309,212,66,104,100,189,26,12,375,612,937
1571,"R KARINGODE AT KAKKADAVU,  KERALA",KERALA,30.4,7.6,7.1,58,1.2,0.1,163,961,2014,72,406,66,161,133,141,742,50,13,224,1078
1155,"KARAMANA AT MOONNATTUMUKKU, KERALA",KERALA,25.5,1.9,7.7,2941,26.9,2.8,10875,37375,2014,13,211,66,90,14,199,456,248,390,77,594
3471,"RIVER KARAMANA AT ARUVIKARA, THIRUVANANTHAPURAM",KERALA,25.1,7.4,7,35,0.1,0,165,409,2014,316,460,66,86,129,128,537,1,1,229,637
2289,R KARUVANNURR AT KARUVANNUR BRIDGE,KERALA,28.9,6.4,7.2,63,1.3,0.4,121,535,2014,144,408,66,144,87,150,787,56,113,109,769
2301,R KAVVAI AT KUTTIYOL PALAM,KERALA,28.8,5.4,6.7,65,1.1,0.3,60,144,2014,156,409,66,142,62,99,802,46,84,715,153
2291,R KEECHERI AT VADAKKANCHERY BRIDGE,KERALA,29.3,5.6,7.3,90,1.6,0.4,268,705,2014,146,410,66,149,67,160,955,74,113,418,934
2326,R KORAYAR AT KANJIKODE,KERALA,29.5,7.1,8,728,1.2,0.4,374,697,2014,164,411,66,151,119,232,852,50,113,551,924
1569,"R KUPPAM AT THALIPARAMBA, KERALA",KERALA,28.4,5.9,6.8,13953,1.5,0.4,70,166,2014,70,414,66,134,72,108,163,69,113,759,223
2298,R KUPPAM AT RAYAROM,KERALA,26.9,7.4,6.9,57,1.1,0.3,70,159,2014,153,412,66,110,129,114,739,46,84,759,204
1567,"R KUTTIYADE AT KUTTIYADY ESTATE, KERALA",KERALA,25.8,7.2,7.2,41,0.7,0.2,441,658,2014,68,416,66,94,124,150,599,23,48,614,889
1568,"R MAHE AT VALAYAM, KERALA",KERALA,26.6,6.5,7.4,71,0.6,0.3,4192,7018,2014,69,418,66,104,91,170,846,17,84,595,931
2285,R MAMOM AT MAMOM BRIDGE,KERALA,25.3,6.8,7.1,81,0.8,0,389,1268,2014,140,419,66,88,105,141,903,25,1,566,101
1340,"MANIMALA  AT KALLOOPARA, KERALA",KERALA,28.2,6.8,6.9,68,1.7,0.1,449,660,2014,28,281,66,130,105,114,817,81,13,621,893
1384,"MANIMALA AT THONDRA, KERALA",KERALA,28.5,6.6,7,70,1.4,0.1,550,822,2014,31,283,66,135,95,128,839,64,13,694,1002
3459,"MANIYANKODE PUZHA AT MANIYANKODE BRIDGE, WAYANAD",KERALA,27.6,6.4,7.7,100,0.6,0.9,56,88,2014,310,288,66,120,87,199,1,17,206,697,1029
2307,R MANJESWAR AT BAJRAKKARA BR.,KERALA,29,7.3,6.9,96,1.9,0.2,89,825,2014,162,420,66,145,127,114,983,95,48,831,1003
1339,"MEENACHIL AT KIDANGOOR, KERALA",KERALA,27.5,6.8,6.6,49,0.5,0.4,1719,2950,2014,27,295,66,119,105,92,666,12,113,246,476
2304,R MOGRAL AT MOGRAL BR.,KERALA,30,5.6,7.2,24360,2.1,0.3,92,447,2014,159,421,66,157,67,150,388,185,84,840,682
43,"MUVATTAPUZHA AT VETTIKKATTUMUKKU, KERALA",KERALA,27.8,6.9,6.8,59,0.6,0.5,1916,3375,2014,319,307,66,125,109,108,747,17,137,285,542
2302,R NEELASWARAM AT NAMBIARKAL DAM,KERALA,30.2,7.1,6.8,14410,1.8,0.1,65,468,2014,157,423,66,159,119,108,184,90,13,741,707
1570,"R NEELESWARAM AT HOSDURG, KERALA",KERALA,30.8,6.2,7.2,22757,1.5,0.1,98,542,2014,71,425,66,165,79,150,360,69,13,864,780
1563,"R NEYYAR AT AMARAVILA, KERALA",KERALA,25.3,6.7,7.1,66,0.6,0,222,626,2014,64,427,66,88,100,141,808,17,1,346,859
2284,R NEYYAR AT ARUVIPURAM,KERALA,25.3,7.2,7,59,0.6,0,165,433,2014,139,428,66,88,124,128,747,17,1,229,665
2288,R PALLICKAL AT NELLIMUKAL,KERALA,25.8,6,7.6,120,1.3,1.1,212,523,2014,143,429,66,94,73,189,86,56,229,329,760
1156,"PAMBA AT CHENGANNUR, KERALA",KERALA,27.2,5.2,6.8,55,0.6,0.7,171,313,2014,14,348,66,113,59,108,724,17,175,245,513
1341,"PAMBA AT THAKAZHY, KERALA",KERALA,28.1,4.8,6.8,86,0.7,0.8,208,332,2014,29,351,66,128,50,108,929,23,190,319,538
1565,"PAMBA DOWN, KERALA",KERALA,28.3,3.9,6.9,62,0.5,0.7,155,284,2014,66,353,66,133,37,114,781,12,175,203,457
17,"PERIYAR NEAR ALWAYENANELOOR, KERALA",KERALA,28.1,5,6.9,3185,1.8,0.4,290,667,2014,88,388,66,128,55,114,500,90,113,452,898
18,"PERIYAR AT KALADY, KERALA",KERALA,27.7,7,7,36,1.1,0.2,276,541,2014,99,382,66,121,114,128,545,46,48,428,779
1338,"PERIYAR AT SEWAGE DISCHARGE POINT, KERALA",KERALA,28,6.3,6.9,64,1.2,0.3,381,815,2014,26,386,66,127,84,114,797,50,84,557,996
2333,RIVER PERIYAR AT MUPPATHADAM,KERALA,28.2,6.2,6.9,86,1.3,0.2,372,1007,2014,167,477,66,130,79,114,929,56,48,549,7
2334,RIVER PERIYAR AT PATHALAM,KERALA,28,5.7,6.8,2640,1.9,0.5,385,759,2014,168,478,66,127,69,108,420,95,137,561,966
2335,R PERIYAR AT KALAMASSERY,KERALA,28.1,5.7,6.9,53,3.1,0.4,574,1205,2014,169,430,66,128,69,114,706,256,113,704,80
2336,R PERIYAR AT PURAPPALLIKAVU,KERALA,28.1,6.6,7.1,2007,1.3,0.2,356,785,2014,170,431,66,128,95,141,308,56,48,539,979
3468,"PERIYAR AT KWA INTAKENAN ALUVA, ERNAKULAM",KERALA,28.1,6.6,7,46,1.3,0.3,228,472,2014,315,383,66,128,95,128,645,56,84,359,710
2300,R PERUVAMBA AT CHANDAPPURA,KERALA,27.3,6.5,6.5,43,0.9,0.4,87,188,2014,155,432,66,116,91,84,620,30,113,824,275
2303,R PULLUR AT PULLUR BR.,KERALA,28.3,6.7,6.3,54,0.9,0.1,136,610,2014,158,433,66,133,100,78,716,30,13,159,846
2290,R PUZHACKAL AT PUZHACKAL BRIDGE,KERALA,29.1,4.3,7.2,113,1.8,0.4,188,796,2014,145,434,66,147,44,150,61,90,113,276,984
2299,R RAMAPURAM AT RAMAPURAM BRIDGE,KERALA,28.7,4.6,6.7,12561,1.5,0.6,72,171,2014,154,435,66,139,48,99,105,69,159,771,236
2305,R SHRIYA AT ANGADIMOGARU,KERALA,28.5,7.7,6.9,61,1.6,0,88,554,2014,160,436,66,135,135,114,775,74,1,828,794
2296,R THALLASSERY AT PATHIPPALAM,KERALA,26.6,5.8,6.5,61,1,0.4,70,151,2014,151,437,66,104,70,84,775,39,113,759,177
2292,R THIRUR AT THALAKKADATHUR BRIDGE,KERALA,31,4.5,6.9,1614,2.1,0.6,131,230,2014,147,438,66,167,47,114,222,185,159,143,370
2306,R UPPALA AT  UPPALA BR.,KERALA,30.5,6.9,7.2,20950,1.3,0.2,113,643,2014,161,439,66,162,109,150,327,56,48,91,877
3473,"RIVER VALAPATTANAM AT PARASSINIKADAVU, KANNUR",KERALA,28.8,6.6,7,14487,0.9,0.3,55,103,2014,317,492,66,142,95,128,186,30,84,693,15
1442,"VAMANAPURAM, KERALA",KERALA,25.3,6.9,7.5,54,0.6,0,319,1633,2014,44,640,66,88,109,179,716,17,1,492,216
1444,"KALI AT D/S WEST COAST PAPER MILL, KARNATAKA",KARNATAKA,27.1,7.3,7.3,109,2.4,3.4,18,65,2014,46,195,65,112,127,160,42,200,426,261,883
2780,"KALI AT U/S OF WCPM, DANDELI, KARNATAKA",KARNATAKA,26.3,7.5,7.5,83,2.1,2,22,74,2014,218,197,65,100,130,179,915,185,346,341,958
1894,KUMARADHARA NAN U/S OF UPPINAGADY TOWN BEFORE CONFLUENCE WITH RIVER NETHRAVATHI,KARNATAKA,29.1,6.4,7.2,102,1,0,137,1223,2014,110,240,65,147,87,150,8,39,1,160,83
1892,NETRAVATHI U/S OF DHARMASTALA AT WATER SUPPLY INTAKE POINT,KARNATAKA,28.4,6.5,7.1,92,1,0,155,1342,2014,109,338,65,134,91,141,966,39,1,203,125
2423,"BUDHABALANGA, D/S OF BARIPADA TOWN",ODISHA,24.7,7.7,7.9,232,1.3,0.8,30790,40500,2014,175,50,105,82,135,218,367,56,190,479,633
2424,BUDHABALANGA AT BALASORE D/S,ODISHA,24.4,7.5,7.8,519,2.1,0.7,38700,53556,2014,176,48,105,79,130,207,701,185,175,564,770
2425,"RIVER KERANDI(INTAKE WELL OF NALCO REFINARY, HAL, SUNABEDA)",ODISHA,22.7,7.3,7.2,103,0.7,1.7,4871,13810,2014,177,462,105,63,127,150,13,23,282,651,138
2422,"NAGAVALLI AT PENTA U/S, JAYKAYPUR TOWN",ODISHA,24.8,7.4,7.9,196,0.7,0.6,5323,15213,2014,174,317,105,83,129,218,301,23,159,685,183
1642,"NAGAVALLI AT JAYKAYPUR D/S, ODISHA",ODISHA,24,7.4,7.8,244,1.9,1,20880,12473,2014,83,315,105,77,129,207,389,95,220,321,94
1643,"NAGAVALLI AT RAYAGADA D/S, ODISHA",ODISHA,22.8,7.5,8,243,1.7,0.9,8780,30319,2014,84,320,105,64,130,232,386,81,206,827,491
1455,"RUSHIKULYA AT GANJAM U/S, ODISHA",ODISHA,26.8,7.2,8,296,1.5,0.7,1468,4314,2014,49,502,105,109,124,232,459,69,175,184,663
1456,"RUSHIKULYA AT GANJAM D/S, ODISHA",ODISHA,27.4,6.6,7.8,25034,1.5,0.9,1671,4224,2014,50,499,105,117,95,207,401,69,206,237,649
2426,VANSADHARA AT MUNIGUDA (D/S OF M/S VEDANTAALUMINA PROJECT),ODISHA,25.3,7.5,7.9,194,1,1,2906,8559,2014,178,643,105,88,130,218,297,39,220,453,1020
2427,VANSADHARA ATGUNUPUR (INTERSTATE BOUNDRY),ODISHA,27.1,7.4,7.9,170,0.8,0.9,4948,16709,2014,179,644,105,112,129,218,244,25,206,656,226
1685,"ARASALAR RIVER KARAIKAL REGION, PONDICHERRY",PONDICHERRY,29,NAN,7.3,386,NAN,0.2,NAN,NAN,2014,85,23,116,145,165,160,574,407,48,869,1094
2444,CORINGA RIVER,PONDICHERRY,25,5.9,7.9,21600,NAN,0.1,NAN,NAN,2014,182,72,116,85,72,218,344,407,13,869,1094
2442,GAUTAMINANGODAVARI RIVER,PONDICHERRY,25,6.5,7.3,21600,NAN,0.1,NAN,NAN,2014,180,113,116,85,91,160,344,407,13,869,1094
2443,GAUTAMINANGODAVARI RIVER,PONDICHERRY,25,6.5,7.7,26600,NAN,0.1,NAN,NAN,2014,181,113,116,85,91,199,423,407,13,869,1094
2445,MAHE RIVER,PONDICHERRY,32,6,7.1,13000,NAN,0.4,NAN,NAN,2014,183,270,116,170,73,141,131,407,113,869,1094
1885,RIVER GHAGGAR AT D/S OF SURAJPUR,HARYANA,NAN,NAN,NAN,NAN,NAN,NAN,NAN,NAN,2014,107,456,55,178,165,265,1004,407,506,869,1094
1023,"GHAGGAR AT MUBARAKPUR REST HOUSE (PATIALA), PUNJAB",PUNJAB,22.7,5.8,7.2,640,6,4.3,1450,4073,2014,0,129,117,63,70,150,798,356,457,178,635
1024,"GHAGGAR AT 100M D/S CONF. WITH R. SARASWATI (PATIALA),PUNJAB",PUNJAB,19,4.8,7.6,1090,22,3.6,30500,52500,2014,1,116,117,28,50,189,43,227,435,477,762
1295,"GHAGGAR NEAR BANKARPUR,DERA BASSI,PUNJAB",PUNJAB,23,5.5,7.3,705,10,5,2020,5433,2014,22,148,117,65,65,160,844,98,470,312,784
1473,"GHAGGAR AT RATANHERI, D/S OF PATIALA NADI (AFTER CONFL.), PUNJAB",PUNJAB,24,5.1,7.4,1375,23.7,5.9,27333,50333,2014,55,132,117,77,56,170,154,233,482,425,741
1698,"D/S CHHATBIR, PUNJAB",PUNJAB,24.7,5.5,7.4,745,10,6.1,12167,29333,2014,86,73,117,82,65,170,865,98,485,111,474
1699,"U/S DHAKANSU NALLAH, PUNJAB",PUNJAB,25,5,7.6,975,16.3,6.1,11167,21667,2014,87,592,117,85,55,189,993,150,485,86,336
1700,"D/S DHAKANSU NALLAH, PUNJAB",PUNJAB,22,4.9,7.7,1385,27.5,7.7,42500,72000,2014,89,74,117,56,54,199,159,251,501,602,947
1701,"D/S JHARMAL NADI, PUNJAB",PUNJAB,24.3,5,7.3,1067,19.3,6.2,21467,39533,2014,90,75,117,78,55,160,30,170,487,334,623
1702,"U/S JHARMAL NADI, PUNJAB",PUNJAB,23.3,5.3,7.2,970,13.3,5.9,3167,7133,2014,91,593,117,68,60,150,989,122,482,488,941
1703,"GHAGGER AT MOONAK, PUNJAB",PUNJAB,19.5,4.9,7.7,1418,21,4.2,28000,49500,2014,92,149,117,34,54,199,172,221,454,435,729
1704,"D/S SARDULGARH, PUNJAB",PUNJAB,21.5,4.1,7.5,1015,23,6.1,35000,57500,2014,93,78,117,52,41,179,6,231,485,536,809
1705,"U/S SARDULGARH, PUNJAB",PUNJAB,20,4.8,7.4,854,17,4.7,20500,38000,2014,94,596,117,39,50,170,926,157,464,317,604
1025,"GHAGGAR GHNAN1 AT ROAD BRDG. SIRSA,DEBWALI ROAD,HARYANA",HARYANA,NAN,NAN,8.2,NAN,19.8,0,NAN,NAN,2014,2,143,55,178,165,242,1004,175,1,869,1094
1026,"GHAGGAR GHNAN2 AT CHANDARPUR SYPHON,  HARYANA",HARYANA,NAN,NAN,7.9,NAN,18.2,0,NAN,NAN,2014,3,146,55,178,165,218,1004,164,1,869,1094
1718,"GAGGAR RIVER WHEN ENTERING IN RAJASTHAN FROM HARYANA NEAR RD NO. 629, RAJASTHAN",RAJASTHAN,32.6,4,6.8,370,3,0.8,4,9,2014,96,110,149,172,38,108,558,255,190,575,1041
1871,"RIVER MARKANDA AT PAONTA, DISTT. SIRMOUR, H.P.",HIMACHAL PRADESH,23.6,7.8,7.8,376,1.3,0.4,9,17,2014,105,476,56,71,137,207,564,56,113,832,233
2624,MARKANDA U/S KALA AMB,HIMACHAL PRADESH,23.9,7.7,7.7,354,1.3,0.3,12,22,2014,192,293,56,76,135,199,540,56,84,105,345
2625,MARKANDA D/S KALA AMB/ BOUNDARY OF HARYANA,HIMACHAL PRADESH,24.5,7.6,7.9,344,1.6,0.4,12,22,2014,193,292,56,80,133,218,530,74,113,105,345
1884,KALA AMB D/S MARKANDA RIVER,HARYANA,NAN,NAN,7.2,NAN,88,0,NAN,NAN,2014,106,193,55,178,165,150,1004,395,1,869,1094
1870,"RIVER SUKHANA AT PARWANOO, DISTT. SOLAN, H.P.",HIMACHAL PRADESH,18.1,4.4,7.1,694,41,1.2,92,224,2014,104,488,56,18,46,141,827,322,236,840,357
2947,"RIVER JAWAI AT JAWAI DAM, SIROHI, RAJASTHAN",RAJASTHAN,25.1,5.9,8,401,0.9,0.7,4,15,2014,249,457,149,86,72,232,591,30,175,575,172
1717,"KODRA DAM, MOUNT ABU, RAJASTHAN",RAJASTHAN,22.3,6,7.2,106,0.8,0.4,4,15,2014,95,233,149,58,73,150,26,25,113,575,172
2948,"RIVER BANDI AT HEMAWAS DAM, PALI, RAJASTHAN",RAJASTHAN,23.7,5.6,7.9,326,1.1,0.8,4,4,2014,250,446,149,73,67,218,508,46,190,575,625
2949,"RIVER LUNI AT RANAKPUR DAM, RANAKPUR, PALI, RAJASTHAN",RAJASTHAN,23.9,6.2,8.1,592,1,0.7,4,6,2014,251,468,149,76,79,235,751,39,175,575,832
3383,"BUGI RIVER AT MIBANPARA, SOUTH GARO HILLS",MEGHALAYA,25.5,7.2,7.5,119,2.3,3.8,33,74,2014,307,53,88,90,124,179,80,197,440,507,958
3384,"BUGI RIVER AT DALU, SOUTH GARO HILLS",MEGHALAYA,25.1,7.2,7.5,120,2.3,4.1,31,67,2014,308,52,88,86,124,179,86,197,450,482,901
3380,"DAMRING RIVER (KRISHNEI RIVER) AT RESUBELPARA, EAST GARO HILLS",MEGHALAYA,25.2,7.5,7.3,82,1.8,2.8,30,70,2014,304,101,88,87,130,160,907,90,390,467,928
1632,"GANOL RIVER TURA, MEGHALAYA",MEGHALAYA,23.2,7.5,7.5,111,2.4,3,293,506,2014,81,112,88,67,130,179,56,200,404,455,744
1428,"KYRHUKHLA NEAR SUTNGA KHLIERIAT,JAINTIA HILLS DT.,MEGHALAYA",MEGHALAYA,20.1,5.3,3.3,831,7.7,3.2,18,36,2014,39,259,88,40,60,45,917,381,416,261,579
3369,"KYNSHI RIVER AT SOHIONG, WEST KHASI HILLS",MEGHALAYA,18.3,7.2,7.2,56,1.7,2.6,21,42,2014,293,256,88,20,124,150,732,81,381,323,645
3370,"KYNSHI RIVER AT NANGKHNUM, WEST KHASI HILLS",MEGHALAYA,19.3,7.5,7.2,66,1.6,2.5,22,44,2014,294,254,88,31,130,150,808,74,375,341,674
3371,"KYNSHI RIVER AT RANIKOR, WEST KHASI HILLS",MEGHALAYA,24,7.8,7,74,2.3,4.3,28,108,2014,295,255,88,77,137,128,860,197,457,433,33
3375,LUKHA RIVER AT MYNDIHATI (TRIBUTARY OF LUNAR),MEGHALAYA,20.5,6.7,2.7,1350,3.3,1.1,7,16,2014,299,265,88,43,100,27,147,263,229,758,205
3376,LUKHA RIVER AT SUNAPUR (TRIBUTARY OF LUNAR),MEGHALAYA,21.2,7.3,6.6,274,2.5,2.4,176,386,2014,300,266,88,48,127,92,431,203,369,254,611
3381,"MANDA RIVER (DUDHAI RIVER) AT JAMPA, EAST GARO HILLS",MEGHALAYA,26.3,7.4,7.3,67,1.8,2.5,25,55,2014,305,271,88,100,129,160,813,90,375,395,788
3382,"MANDA RIVER (DUDHAI RIVER) AT WAGAISI, EAST GARO HILLS",MEGHALAYA,25.5,7.2,7.4,82,2,2.8,26,61,2014,306,272,88,90,124,170,907,177,390,406,845
3377,"MYNTANG RIVER AT NARTIANG, JAYANTIA HILLS",MEGHALAYA,20,7.3,7.1,55,1.9,2.5,24,53,2014,301,309,88,39,127,141,724,95,375,383,765
3378,"MYNTANG RIVER AT MYNSO, JAYANTIA HILLS",MEGHALAYA,20.3,7.3,7.1,57,2,2.4,24,50,2014,302,308,88,42,127,141,739,177,369,383,735
1631,"MYNTDU RIVER JOWAI, MEGHALAYA",MEGHALAYA,19.4,6.6,7.1,114,2.6,2.8,2142,3108,2014,80,312,88,33,95,141,64,206,390,333,508
3379,"MYNTDU RIVER AT LESHKA, JAYANTIA HILLS",MEGHALAYA,21,7.3,5.6,56,1.8,2.1,16,34,2014,303,310,88,47,127,62,732,90,352,214,545
3367,"NONBAH RIVER AT NANGSTOIN MARKE, WEST KHASI HILLS",MEGHALAYA,19.2,5.1,7,105,3.6,4.7,351,780,2014,291,341,88,30,56,128,24,268,464,537,974
3368,"NONBAH RIVER AT NANGSTOIN MARKE, WEST KHASI HILLS",MEGHALAYA,18.3,7.3,7.1,51,1.6,2.4,19,40,2014,292,341,88,20,127,141,693,74,369,279,626
3372,"RILANG RIVER AT MAWKYRWAT, WEST KHASI HILLS",MEGHALAYA,19.6,7.7,7.2,50,1.6,2,19,36,2014,296,443,88,35,135,150,685,74,346,279,579
1633,"SIMSANG RIVER WILLIAMNAGAR, MEGHALAYA",MEGHALAYA,23.7,7.6,7.3,115,2.1,3.7,301,528,2014,82,523,88,73,133,160,66,185,438,471,763
3353,"UMIAM MAWPHLANG RIVER AT NONGKREM, EAST KHASI HILLS",MEGHALAYA,18.2,6.2,7,81,2.4,5.1,36,79,2014,277,606,88,19,79,128,903,200,474,543,982
3354,"UMIAM MAWPHLANG RIVER AT UMTYNGNGAR, EAST KHASI HILLS",MEGHALAYA,18.8,7.2,7.1,66,1.9,3.4,28,63,2014,278,608,88,26,124,141,808,95,426,433,862
3355,"UMIAM MAWPHLANG RIVER AT MAWPHLANG, EAST KHASI HILLS",MEGHALAYA,18.9,7.4,7.1,57,1.5,2.9,13,40,2014,279,605,88,27,129,141,739,69,396,138,626
3356,"UMIAM MAWPHLANG RIVER AT SHELLA, EAST KHASI HILLS",MEGHALAYA,25.1,7.5,7.4,144,1.7,3.5,26,59,2014,280,607,88,86,130,170,181,81,431,406,824
3350,UMKHEN AT WAHKDAIT,MEGHALAYA,18.8,7.1,7.1,63,1.9,5.6,22,48,2014,274,611,88,26,119,141,787,95,480,341,715
3351,UMKHEN AT KSEHPONGDENG,MEGHALAYA,20.2,7.3,7.2,65,1.9,3.3,24,48,2014,275,610,88,41,127,150,802,95,419,383,715
3352,"UMKHEN RIVER AT DIENGPASOH, EAST KHASI HILLS",MEGHALAYA,20,7.3,7.3,65,2,3,25,54,2014,276,612,88,39,127,160,802,177,404,395,774
3359,"UMKHRAH RIVER AT DEMTHRING, SHILLONG",MEGHALAYA,18.5,1.5,6.9,345,33.9,16.9,23232,34251,2014,283,613,88,23,11,114,532,285,332,367,549
3360,"UMKHRAH RIVER ATUMKALIAR, SHILLONG",MEGHALAYA,18.8,3.9,7.1,233,17,10.5,13174,22223,2014,284,616,88,26,37,141,369,157,307,144,352
3361,"UMKHRAH RIVER ATMAWLAI, SLAUGHTER",MEGHALAYA,18.3,1,7.2,376,57.2,20.3,48665,83554,2014,285,615,88,20,7,150,564,354,401,649,1008
3362,"UMKHRAH RIVER AT MAWPDANG, MAWLAI",MEGHALAYA,18.5,0.9,7.2,506,61.1,19.6,64250,106333,2014,286,614,88,23,6,150,691,370,344,734,27
3357,"UMNGOT RIVER AT SMIT, EAST KHASI HILLS",MEGHALAYA,18.2,7.2,7,66,1.9,3.7,28,60,2014,281,618,88,19,124,128,808,95,438,433,833
3358,"UMNGOT RIVER AT DAWKI, EAST KHASI HILLS",MEGHALAYA,22.1,7.7,7.2,62,1.6,3,27,59,2014,282,617,88,57,135,150,781,74,404,419,824
3363,"UMSHYRPI RIVER AT RISA COLONY, EAST KHASI HILLS",MEGHALAYA,17.6,7.3,6.9,61,2.2,2,25,52,2014,287,623,88,12,127,114,775,192,346,395,757
3364,"UMSHYRPI RIVER AT LAW COLLEGE, DHANKETI, EAST KHASI HILLS",MEGHALAYA,18.7,1.2,7.1,380,45.7,15.6,51583,94083,2014,288,622,88,25,9,141,568,329,327,676,1064
3365,"UMSHYRPI RIVER AT UMSHYRPI BRIDGE, EAST KHASI HILLS",MEGHALAYA,18.7,3.2,7.1,258,23.5,10.3,31833,54083,2014,289,624,88,25,29,141,412,232,304,491,778
1427,"UMTREW AT BYRNIHAT EAST, MEGHALAYA",MEGHALAYA,23.1,7.2,7.2,124,6.9,4.5,348,552,2014,38,626,88,66,124,150,101,368,460,531,792
3366,"UMTREW RIVER AT UMRAN, RINAN BHOI",MEGHALAYA,22.6,7.2,7.1,65,2.1,2.4,56,120,2014,290,627,88,62,124,141,802,185,369,697,77
3373,"WAH BLEI AT RIANGDO, WEST KHASI HILLS",MEGHALAYA,20,7.5,7.3,64,1.9,3.3,21,42,2014,297,657,88,39,130,160,797,95,419,323,645
3374,"WAH BLEI AT SHDADDKHAR, WEST KHASI HILLS",MEGHALAYA,19.9,7.6,7.3,65,1.9,3.8,21,43,2014,298,658,88,38,133,160,802,95,440,323,658
2050,TLAWNG UPSTREAM AIZAWL,MIZORAM,24.5,7.1,7.3,269,1.4,0.1,NAN,115,2014,120,584,92,80,119,160,427,64,13,869,61
2051,TLAWNG DOWNSTREAM AIZAWL,MIZORAM,24.4,7.2,7.3,275,1.5,0.1,4,68,2014,121,582,92,79,124,160,432,69,13,575,907
2052,TUIRIAL UPPER CATCHMENT,MIZORAM,23.6,6.9,7.1,186,1.6,0.1,NAN,29,2014,122,590,92,71,109,141,277,74,13,869,468
2053,TUIRIAL LOWER CATCHMENT,MIZORAM,23.5,6.8,7.1,201,1.4,0.2,NAN,86,2014,123,588,92,70,105,141,309,64,48,869,1023
2,"DAMANGANGA AT D/S OF MADHUBAN, DAMAN",DAMAN & DIU,NAN,NAN,0,208,NAN,NAN,NAN,NAN,2013,115,83,21,178,165,0,325,407,506,869,1094
1150,"DAMANGANGA AT KACHIGAON U\S AT GIDC WIER,GUJARAT",GUJARAT,27.1,7.3,7.9,693,0.5,1,161,173,2013,9,91,52,112,127,218,826,12,220,217,240
1246,"DAMANGANGA AT KACHIGAON D\S (DAMAN), GUJARAT",GUJARAT,27.3,5,7.6,1676,1.8,8,329,174,2013,21,88,52,116,55,189,236,90,502,505,242
1865,RIVER DHADAR AT KOTHADA,GUJARAT,NAN,NAN,0,506,NAN,6,26,227,2013,103,454,52,178,165,0,691,407,484,406,363
1434,"AMLAKHADI AFTER CONFL. OF W. WATER FROM ANKLESH,GUJARAT",GUJARAT,24.5,6,7.7,1863,8.6,1,47,1183,2013,40,17,52,80,73,199,279,391,220,638,72
1980,AMLAKHADI AT PUNGAM ANKLESHWAR DISTT BHARUCH,GUJARAT,NAN,NAN,NAN,24300,NAN,7,22474,24,2013,114,20,52,178,165,265,387,407,495,352,385
1149,"KOLAK AT PATALIA BDG., GUJARAT",GUJARAT,27.5,5.3,7.8,817,2.8,1,9,23,2013,8,236,52,119,60,207,906,214,220,832,369
1436,"BHADAR V/S JETPUR VILL. A/C OF W. WATER FROM JETPUR CITY, GUJARAT",GUJARAT,28.3,4.3,7.8,2307,103.8,1.23,NAN,1817,2013,42,36,52,133,44,207,364,105,240,869,263
1860,BALEHWAR KHADI AT N.H. NO 8,GUJARAT,28.4,4.5,8.3,1287,1.5,11,116,5,2013,100,27,52,134,47,244,124,69,311,96,734
2082,TRIVENI SANGAM,GUJARAT,NAN,NAN,NAN,NAN,NAN,0,NAN,2,2013,125,586,52,178,165,265,1004,407,1,869,300
1148,"AMBIKA AT BILIMORA, GUJARAT",GUJARAT,27.6,6.8,8.2,1862,2.5,0.87,7,64,2013,7,15,52,120,105,242,278,203,201,758,873
3205,"UPSTREAM OF RIVER VISHWAMITRI AT ASOD BRIDGE AT N.H. 8 , NEAR GLDEN CHOKDI, ASOD VEMALI ROAD",GUJARAT,NAN,5,8,NAN,0.7,0,NAN,NAN,2013,272,628,52,178,55,232,1004,23,1,869,1094
3204,"DOWNSTREAM OF RIVER VISHWAMITRI AT KHALIPUR VILLAGE, BEFORE MEETING JAMBUVA RIVER",GUJARAT,NAN,3,7.7,NAN,0.4,0,NAN,NAN,2013,271,103,52,178,27,199,1004,6,1,869,1094
1862,KAVERI ON BRIDGE AT BILLIMORANANVALSAD ROAD,GUJARAT,27,6.7,8.1,2520,7.2,1,6,41,2013,102,215,52,111,100,235,403,373,220,714,638
2072,RIVER BHOGAVO D/S OF SURENDRANAGAR,GUJARAT,29,8.2,8.4,606,2.9,0,NAN,NAN,2013,124,448,52,145,144,248,772,215,1,869,1094
NAN,NAN,NAN,NAN,NAN,NAN,NAN,NAN,NAN,NAN,NAN,2013,320,335,101,178,165,265,1004,407,506,869,1094
1399,"ZUARI AT D/S OF PT. WHERE KUMBARJRIA CANAL JOINS, GOA",GOA,30,5.6,7.5,41,2,0.08,7022,13410,2013,33,664,51,157,67,179,599,177,9,762,124
1475,ZUARI AT PANCHAWADI,GOA,30.4,5.5,6.7,209,0.8,0.17,1893,2915,2013,56,665,51,161,65,99,326,25,38,278,470
3181,RIVER ZUARI AT BORIM BRIDGE,GOA,30.8,5.5,7.1,123,1.5,0.09,3293,6264,2013,260,495,51,165,65,141,96,69,11,506,860
3182,RIVER ZUARI AT MARCAIM JETTY,GOA,30.3,5.3,7.3,182,1.5,0.08,1976,3080,2013,261,496,51,160,60,160,265,69,9,302,502
1400,"MANDOVI AT NEGHBOURHOOD OF PANAJI, GOA",GOA,30.1,6,7.6,100,1.2,0.17,5129,6086,2013,34,275,51,158,73,189,1,50,38,673,843
1476,"MANDOVI AT TONCA, MARCELA, GOA",GOA,29.9,5.7,6.9,111,1,0.14,939,3061,2013,57,277,51,156,69,114,56,39,23,844,500
3185,RIVER MANDOVI AT AMONA BRIDGE,GOA,29.1,6.4,7.1,140,1.1,0.1,4464,7908,2013,264,471,51,147,87,141,164,46,13,619,983
3186,RIVER MANDOVI AT IFFI JETTY,GOA,29.9,6.2,7.8,44,2,0.06,9429,9320,2013,265,472,51,156,79,207,627,177,7,847,1059
3187,RIVER MANDOVI NEAR HOTEL MARRIOT,GOA,29.8,6.1,7.6,43,1.8,0.06,6668,9554,2013,266,473,51,155,77,189,620,90,7,745,1072
1543,"RIVER KALNA AT CHANDELNAN PERNEM, GOA",GOA,27.9,7,6.9,64,1.1,0.09,1641,2841,2013,58,459,51,126,114,114,797,46,11,228,458
1548,"RIVER ASSONORA AT ASSONORA, GOA",GOA,28.2,6.6,6.5,62,1,0.14,4073,7190,2013,63,445,51,130,95,84,781,39,23,583,944
2276,"RIVER BICHOLIM VARAZAN NAGAR , BICHOLIM",GOA,29.6,7,6.8,304,2,0.49,12140,23867,2013,138,451,51,152,114,108,476,177,135,110,383
2275,"RIVER CHAPORA NEAR ALORNA FORT ,PERNEM",GOA,28.8,7,7,55,1.2,0.66,1298,2813,2013,137,453,51,142,114,128,724,50,170,137,451
3189,RIVER CHAPORA AT SIOLIM,GOA,29.5,6.3,7.6,213,1.5,0.06,3803,7069,2013,268,452,51,151,84,189,333,69,7,556,935
1546,"RIVER KHANDEPAR AT OPA NAN PONDA, GOA",GOA,29.8,6.7,6.8,83,1.2,0.17,2140,3559,2013,61,465,51,155,100,108,915,50,38,332,571
2270,"RIVER KHANDEPAR AT CODLI NEAR BRIDGE ,U/S OPA WATERWORKS,SANGUEM",GOA,29.7,7.1,6.6,76,1,0.12,2367,3527,2013,132,463,51,154,119,92,875,39,18,378,564
2272,"RIVER KUSHAWATI NEAR BUND AT KEVONA,RIVON,SANGUEM",GOA,28.7,6.7,6.6,107,1.3,0.22,2461,3757,2013,134,466,51,139,100,92,32,56,56,389,597
1545,"RIVER MADAI AT DABOS NAN  VALPOI, GOA",GOA,27.9,7.2,6.7,89,0.9,0.06,832,1996,2013,60,470,51,126,124,99,945,30,7,812,299
2274,RIVER MAPUSA ON CULVERT ON HIGHWAY MAPUSANANPANAJI,GOA,29.3,4.2,6.7,192,2,0.16,4448,9286,2013,136,474,51,149,43,99,294,177,32,617,1057
2271,"RIVER SAL PAZORKHONI,CUNCOLIM(NEAR CULVERT MARGAONAN CANACONA NATIONAL HIGHWAY)",GOA,28.6,6.3,6.6,79,1.6,0.19,2830,6054,2013,133,484,51,137,84,92,892,74,43,441,840
2273,"RIVER SAL NEAR HOTEL LEELA MOBOR,CAVELOSSIM",GOA,29.8,5.6,7.7,142,1.7,0.14,1831,3644,2013,135,482,51,155,67,199,173,81,23,270,587
3183,"RIVER SAL AT KHAREBAND, MARGAO",GOA,28.6,2.8,6.4,424,3.2,0.35,12658,21036,2013,262,480,51,137,24,79,614,259,102,126,326
3184,"RIVER SAL AT ORLIM BRIDGE, ORLIM",GOA,30.6,5.2,7.1,306,2.6,0.34,1411,1525,2013,263,481,51,163,59,141,478,206,96,170,184
3190,RIVER SINQUERIM (CANDOLIM SIDE NEAR BRIDGE),GOA,30.3,5.6,7.7,40,1.5,0.07,4153,7130,2013,269,485,51,160,67,199,590,69,8,593,940
3191,RIVER SINQUERIM NEAR NERUL TEMPLE,GOA,30.4,5.5,7.7,40,1.5,0.08,7086,12282,2013,270,486,51,161,65,199,590,69,9,764,86
1547,"RIVER TALPONA AT CANACONA, GOA",GOA,29.6,6.9,6.7,63,0.9,0.21,691,1132,2013,62,490,51,152,109,99,787,30,53,756,57
3188,RIVER TIRACOL AT TIRACOL,GOA,29.6,6.3,7.6,227,1.7,0.08,3622,3612,2013,267,491,51,152,84,189,359,81,9,545,583
1544,"RIVER VALVANT AT SANKLI NAN BICHOLIM, GOA",GOA,29.5,7.1,6.6,68,1.1,0.13,4124,8167,2013,59,493,51,151,119,92,817,46,20,590,999
2651,"AMBA RIVER AT D/S OF WAKEN BRIDGENANU/S OF JS PETROCHEMICALS, WAKENPHATA, ROHA",MAHARASHTRA,26.7,6.9,7.7,121,3.3,1,77,163,2013,194,12,79,106,109,199,89,263,220,787,214
1461,"BHATSA AT D/S OF PISE DAM NEAR PISE VILLAGE (ULHAS), MAHARASHTRA",MAHARASHTRA,29.3,7.2,8.2,112,3.3,1,39,94,2013,53,41,79,149,124,242,60,263,220,568,1062
2653,"BHATSA RIVER AT D/S OF LIBERTY OIL MILLS, SATNEL, SHAHAPUR, THANE",MAHARASHTRA,28,6.9,7.7,103,3.7,0.57,48,103,2013,195,44,79,127,109,199,13,271,154,642,15
2654,"BHATSA RIVER AT U/S OF LIBERTY OIL MILLS, SATNEL, SHAHAPUR, THANE",MAHARASHTRA,28.2,6.9,7.6,104,3.5,0.75,37,79,2013,196,45,79,130,109,189,19,265,182,547,982
1092,"KALU AT ATALE VILLAGE, MAHARASHTRA",MAHARASHTRA,26.5,6.4,7.4,1003,4.3,2.89,524,753,2013,4,206,79,103,87,170,4,306,395,679,964
2670,"KAN RIVER, NEAR SAKRI WATER WORKS, SAKRI, DHULE.",MAHARASHTRA,20.7,6.3,8.3,408,2.7,1.58,64,157,2013,197,209,79,45,84,244,597,210,271,731,196
1152,"KUNDALIKA AT ROHA CITY, MAHARASHTRA",MAHARASHTRA,27.2,6.7,7.8,105,3.6,1,43,89,2013,11,244,79,113,100,207,24,268,220,605,1034
2198,KUNDALIKA RIVER AT ARE KHURD ( SALINE ZONE ),MAHARASHTRA,27.5,6.3,7.6,209,4.4,1.86,48,98,2013,130,246,79,119,84,189,326,309,293,642,1086
2671,"KUNDALIKA RIVER NEAR SALAV BRIDGE (SALINA ZONE), SALAV, ROHA, RAIGAD",MAHARASHTRA,26,5.9,7.6,13768,5,1.79,166,300,2013,198,249,79,96,72,189,155,332,289,232,485
2672,"KUNDALIKA RIVER AT DHATAV AT JACKWELL (DRINKING WATER  PUMPING STATIONNANSWEET ZONE), ROHA",MAHARASHTRA,26.5,7.3,7.7,86,3.2,1,50,93,2013,199,247,79,103,127,199,929,259,220,662,1058
2168,MITHI RIVER,MAHARASHTRA,27,3.6,7.4,6487,30.5,1.5,534,745,2013,129,300,79,111,34,170,801,279,264,686,960
2676,"MUCHKUNDI RIVER AT  WAKED,RATNAGIRI, NEAR M/S ASAHI INDIA GLASS LTD., LANJA, RATNAGIRI.",MAHARASHTRA,27.3,6.3,8.3,999,3.3,1.78,4,112,2013,200,303,79,116,84,244,1003,263,288,575,52
1151,"PATALGANGA AT SHILPHATA, MAHARASHTRA",MAHARASHTRA,28.7,7.2,7.7,125,3.3,1,39,89,2013,10,359,79,139,124,199,103,263,220,568,1034
1462,"PATALGANGA NEAR INTAKE OF MIDC W/W, MAHARASHTRA",MAHARASHTRA,28.4,7.1,7.5,127,3.4,4.4,17,63,2013,54,362,79,134,119,179,112,264,458,242,862
2685,"PATALGANGA RIVER AT D/S OF KHARPADA BRIDGE, RAIGAD.",MAHARASHTRA,28.7,7.1,7.4,5300,38,1,388,667,2013,201,364,79,139,119,170,708,296,220,565,898
2686,"PATALGANGA RIVER AT VYAL PUMP HOUSE , KHALAPUR, RAIGAD.",MAHARASHTRA,28.7,7.2,7.6,127,3.2,1,22,51,2013,202,371,79,139,124,189,112,259,220,341,748
2687,"PATALGANGA RIVER AT KHALAPUR PUMPING STATION, KHALAPUR, RAIGAD.",MAHARASHTRA,28.7,7,7.6,126,3.3,1,20,63,2013,203,368,79,139,114,189,106,263,220,306,862
2688,"PATALGANGA RIVER AT SAVROLI BRIDGE, KHALAPUR, RAIGAD.",MAHARASHTRA,28.7,7.2,7.6,126,3.4,1.89,29,64,2013,204,369,79,139,124,189,106,264,295,451,873
2689,"PATALGANGA RIVER AT GAGANGIRI MAHARAJ TEMPLE, KHOPOLI, RAIGAD.",MAHARASHTRA,28.7,7.1,7.8,112,3.2,0.63,43,88,2013,205,366,79,139,119,207,60,259,166,605,1029
2199,SAVITRI RIVER AT OVALE VILLAGE.,MAHARASHTRA,29.3,6.8,7.7,9590,3.6,4.57,3,124,2013,131,517,79,149,105,199,982,268,462,466,90
2701,"SAVITRI RIVER JACKWELL AT UPSA KENDRE, NANGALWADI, MAHAD, RAIGAD",MAHARASHTRA,28.3,6.8,7.4,174,3.7,2.26,4,124,2013,207,519,79,133,105,170,250,271,364,575,90
2702,"SAVITRI RIVER AT SHEDAV DOH, MAHAD,RAIGAD",MAHARASHTRA,28.7,6.8,7.6,2572,3.3,4.22,4,118,2013,208,518,79,139,105,189,410,263,455,575,71
2703,"SAVITRI RIVER AT DADLI BRIDGE, DADLI, MAHAD, RAIGADH",MAHARASHTRA,29.2,6.7,7.8,6030,4.4,4.78,4,138,2013,209,515,79,148,100,207,770,309,466,575,137
2704,"SAVITRI RIVER AT MUTHAVALI VILLAGE, MAHAD, RAIGADH",MAHARASHTRA,28.7,6.8,7.7,7207,3.9,4.25,3,120,2013,210,516,79,139,105,199,850,277,456,466,77
2706,"SURYA RIVER, U/S OF SURYA DAM, DHAMMI, VIKRAMGAD, THANE",MAHARASHTRA,27.2,6.8,8.1,167,3.8,1,32,85,2013,211,533,79,113,105,235,234,274,220,493,1019
2707,"SURYA RIVER AT MIDC PUMPING STATION, GARVASHET, PALGHAR, THANE",MAHARASHTRA,27.2,6.8,8,173,3.5,1,53,98,2013,212,531,79,113,105,232,249,265,220,682,1086
2708,"SURYA RIVER AT INTAKE OF VASAINANVIRAR W/S SCHEME, MASVAN, PALGHAR, THANE",MAHARASHTRA,27.2,7,8,168,3.6,1,44,83,2013,213,530,79,113,114,232,237,268,220,612,1004
2709,"TANSA RIVER NEAR ROAD BRIDGE, VILLAGE DAKEWALI, WADA, THANE",MAHARASHTRA,28,6.9,7.9,131,3.5,0.75,41,96,2013,214,565,79,127,109,218,133,265,182,586,1076
1094,"ULHAS AT U/S OF BADLAPUR, MAHARASHTRA",MAHARASHTRA,26.2,7,7.6,125,3.5,0.6,33,63,2013,6,598,79,98,114,189,103,265,159,507,862
2162,ULHAS RIVER ATJAMBHUL WATER WORKS.,MAHARASHTRA,26.2,7.2,7.5,132,3.3,0.9,38,88,2013,127,604,79,98,124,179,139,263,206,554,1029
2712,"VAITARNA RIVER NEAR ROAD BRIDGE, GANDHARE VILLAGE, WADA, THANE.",MAHARASHTRA,28.2,7.2,7.7,119,3.3,1,35,68,2013,215,632,79,130,124,199,80,263,220,533,907
2164,VASHISTI RIVER AT U/S OF THREE M PAPER MILLS NEAR M/S MULTIFILMS PLASTIC PVT. LTD. AT KHERDI.,MAHARASHTRA,24.5,6.9,7.5,159,2.8,1,3,82,2013,128,653,79,80,109,179,219,214,220,466,1000
2713,"VASHISHTI RIVER AT D/S OF THREE M PAPER MILLS NEAR CHIPLUN WATER INTAKE JACKWELL, KHERDI, RATNAGIRI",MAHARASHTRA,24.5,6.7,7.7,141,3.3,3,4,90,2013,216,648,79,80,100,199,166,263,404,575,1042
2714,"VASHISHTI RIVER AT U/S OF POPHALI NEAR KONPHANSAWANE BRIDGE, CHIPLUN, RATNAGIRI",MAHARASHTRA,24.5,7.3,7.7,132,2.9,2,3,88,2013,217,649,79,80,127,199,139,215,346,466,1029
1342,"ACHENKOIL AT THUMPAMON, KERALA",KERALA,24,6.4,7.3,76,1.7,0.62,199,788,2013,30,6,66,77,87,160,875,81,165,303,981
1443,"ACHENKOIL AT CHENNITHULA, KERALA",KERALA,24.9,6,7.1,85,1.7,0.53,262,538,2013,45,1,66,84,73,141,923,81,148,411,772
3465,"ACHENKOIL AT KALLARAKADAVU, PATHANAMTHITTA",KERALA,24.3,6.3,7.1,69,1.3,0.57,248,593,2013,313,2,66,78,84,141,822,56,154,392,827
3466,"ACHENKOIL AT PANDALAM (NEAR AYYAPPA TEMPLE), PATHANAMTHITTA",KERALA,24.8,6.5,7.3,76,1.6,0.55,226,545,2013,314,3,66,83,91,160,875,74,150,356,786
2297,R ANCHARAKANDY AT MERUVAMBA,KERALA,26.4,6.7,6.6,60,1.2,0.34,228,435,2013,152,392,66,102,100,92,764,50,96,359,669
2319,R ANCHARAKANDY AT MERUVAMBA,KERALA,27,7,6.6,3544,1.5,0.37,208,435,2013,163,392,66,111,114,92,541,69,106,319,669
2286,R AYROOR AT AYROOR BRIDGE,KERALA,26.6,6.7,7.3,51,0.8,0.35,547,1567,2013,141,393,66,104,100,160,693,25,102,691,195
2331,R BHARATHAPUZHA AT KUTTIPPURAM,KERALA,28.6,6.9,7.7,107,0.7,0.46,255,443,2013,165,394,66,137,109,199,32,23,130,402,678
2332,R BHARATHAPUZHA AT PATTAMBI,KERALA,28.8,6.7,7.9,173,0.9,0.56,191,426,2013,166,395,66,142,100,218,249,30,151,284,651
1154,"CHALAKUDY AT PULICKALKANANDAVU, KERALA",KERALA,28,5.6,6.9,126,1.2,0.67,266,990,2013,12,57,66,127,67,114,106,50,172,417,1089
20,"CHALIYAR AT KOOLIMADU, KERALA",KERALA,27.4,7.3,7.4,70,0.8,0.31,2984,4208,2013,116,62,66,117,127,170,839,25,88,463,648
21,"CHALIYAR AT CHUNGAPALLY, KERALA",KERALA,27.5,6.9,7.4,12754,0.8,0.29,1807,2557,2013,126,59,66,119,109,170,113,25,82,265,413
3464,"CHALIYAR AT NILAMBUR, MALAPPURAM",KERALA,26.8,7.1,7.4,80,0.6,0.5,1921,2831,2013,312,63,66,109,119,170,899,17,137,286,455
1572,"CHANDRAGIRI AT PADIYATHADKA, KERALA",KERALA,30,7.2,6.9,62,1.3,0.11,33,150,2013,73,65,66,157,124,114,781,56,15,507,173
1573,"CHITRAPUZHA AT IRUMPANAM, KERALA",KERALA,28.8,3.4,6.7,2965,2.3,1.11,271,1236,2013,74,69,66,142,31,99,460,197,230,422,88
2295,R CORAPUZHA AT KANAYANKODE,KERALA,27.4,6.1,7.2,15871,0.9,0.25,1667,2975,2013,150,396,66,117,77,150,218,30,68,236,480
1564,"R ITHIKKARA AT AYUR, KERALA",KERALA,24.8,6.4,7.2,120,1.9,0.77,258,618,2013,65,397,66,83,87,150,86,95,185,405,851
2287,R ITHIKKARA AT ITHIKKARA,KERALA,23.6,6.2,7.2,7448,2,1.01,184,483,2013,142,398,66,71,79,150,864,177,221,271,717
1566,"R KADALUNDI AT THIRURANGADY, KERALA",KERALA,29.8,6.6,6.9,77,1.6,0.29,264,756,2013,67,401,66,155,95,114,881,74,82,415,965
2293,R KADALUNDI AT HAJIRAPPALLY,KERALA,30.2,6.8,7,72,1.7,0.2,249,785,2013,148,399,66,159,105,128,849,81,48,393,979
2337,R KADAMBAYAR AT BRAHMAPURAM,KERALA,28.2,2.9,6.7,305,2.2,1.28,403,1623,2013,171,402,66,130,25,99,477,192,246,579,211
2338,R KADAMBAYAR AT MANCKAKADAVU,KERALA,27.7,3,6.6,86,2,0.39,357,1319,2013,172,403,66,121,27,92,929,177,110,540,117
42,"KALLADA AT PERUMTHOTTAMKADAVU, PUNALOOR, KERALA",KERALA,23.9,6.7,7.1,79,1.6,0.34,313,738,2013,318,202,66,76,100,141,892,74,96,485,956
2294,R KALLAI AT KALLAI BRIDGE,KERALA,27.4,3.6,7.3,32790,2.6,0.59,64259,112867,2013,149,404,66,117,34,160,511,206,158,735,54
3460,"KALPATHI PUZHA AT KALPATHI, PALAKKAD",KERALA,27.8,6.1,7.8,2905,1.3,0.54,422,997,2013,311,204,66,125,77,207,451,56,149,598,1092
3458,KARAPUZHA DAM AT WAYANAD,KERALA,26.4,6.9,7.4,112,0.5,0.35,50,67,2013,309,212,66,102,109,170,60,12,102,662,901
1571,"R KARINGODE AT KAKKADAVU,  KERALA",KERALA,29.6,7,6.9,51,1.1,0.18,44,317,2013,72,406,66,152,114,114,693,46,40,612,519
1155,"KARAMANA AT MOONNATTUMUKKU, KERALA",KERALA,27,3.1,7.2,1416,13.2,4.41,2992,19917,2013,13,211,66,111,28,150,171,121,459,464,297
3471,"RIVER KARAMANA AT ARUVIKARA, THIRUVANANTHAPURAM",KERALA,26.3,7,7.1,30,0.5,0.32,211,496,2013,316,460,66,100,114,141,467,12,90,327,730
2289,R KARUVANNURR AT KARUVANNUR BRIDGE,KERALA,30,6.1,7,59,1.8,0.58,89,282,2013,144,408,66,157,77,128,747,90,156,831,452
2301,R KAVVAI AT KUTTIYOL PALAM,KERALA,28,6,6.4,61,2.1,0.28,87,300,2013,156,409,66,127,73,79,775,185,79,824,485
2291,R KEECHERI AT VADAKKANCHERY BRIDGE,KERALA,30.1,6.3,7,105,2.8,0.37,142,543,2013,146,410,66,158,84,128,24,214,106,171,783
2326,R KORAYAR AT KANJIKODE,KERALA,27.9,6.9,8.1,502,0.9,0.72,382,615,2013,164,411,66,126,109,235,686,30,177,559,848
1569,"R KUPPAM AT THALIPARAMBA, KERALA",KERALA,27,5.9,6.7,14662,1.5,0.52,144,377,2013,70,414,66,111,72,99,190,69,145,176,599
2298,R KUPPAM AT RAYAROM,KERALA,26,7.8,6.8,49,1.4,0.3,122,319,2013,153,412,66,96,137,108,666,64,84,112,522
1567,"R KUTTIYADE AT KUTTIYADY ESTATE, KERALA",KERALA,27.7,7.1,7.4,380,1,0.14,1527,66382,2013,68,416,66,121,119,170,568,39,23,200,897
1568,"R MAHE AT VALAYAM, KERALA",KERALA,27.1,7.3,7.2,67,0.9,0.38,6490,3471,2013,69,418,66,112,127,150,813,30,107,740,555
2285,R MAMOM AT MAMOM BRIDGE,KERALA,26.5,6.2,7.2,51,0.8,0.23,331,942,2013,140,419,66,103,79,150,693,25,62,509,1066
1340,"MANIMALA  AT KALLOOPARA, KERALA",KERALA,28.5,7.2,6.8,69,1.2,0.45,706,941,2013,28,281,66,135,124,108,822,50,125,763,1065
1384,"MANIMALA AT THONDRA, KERALA",KERALA,28.7,6.9,6.7,75,2.5,0.4,526,701,2013,31,283,66,139,109,99,868,203,113,681,930
3459,"MANIYANKODE PUZHA AT MANIYANKODE BRIDGE, WAYANAD",KERALA,25.7,6.3,7.4,113,0.6,0.88,98,128,2013,310,288,66,93,84,170,61,17,202,864,105
2307,R MANJESWAR AT BAJRAKKARA BR.,KERALA,29.3,7.6,6.8,79,1.6,0.31,48,109,2013,162,420,66,149,133,108,892,74,88,642,37
1339,"MEENACHIL AT KIDANGOOR, KERALA",KERALA,27,7,7.2,57,0.6,0.46,2117,3558,2013,27,295,66,111,114,150,739,17,130,328,570
2304,R MOGRAL AT MOGRAL BR.,KERALA,30.9,5.9,7,22576,1.5,0.35,42,253,2013,159,421,66,166,72,128,357,69,102,596,408
43,"MUVATTAPUZHA AT VETTIKKATTUMUKKU, KERALA",KERALA,27.1,6.8,7.2,105,0.6,0.39,1200,2392,2013,319,307,66,112,105,150,24,17,110,106,384
2302,R NEELASWARAM AT NAMBIARKAL DAM,KERALA,30.3,6.3,6.7,2315,1.3,0.17,55,278,2013,157,423,66,160,84,99,366,56,38,693,442
1570,"R NEELESWARAM AT HOSDURG, KERALA",KERALA,30.4,6.4,6.9,18569,1,0.27,40,277,2013,71,425,66,161,87,114,276,39,75,576,441
1563,"R NEYYAR AT AMARAVILA, KERALA",KERALA,26.2,6.6,7.3,45,0.6,0.39,228,940,2013,64,427,66,98,95,160,636,17,110,359,1063
2284,R NEYYAR AT ARUVIPURAM,KERALA,26.2,6.9,7.2,42,0.5,0.18,151,774,2013,139,428,66,98,109,150,609,12,40,196,971
2288,R PALLICKAL AT NELLIMUKAL,KERALA,25.1,6,7.3,92,1.7,0.56,256,597,2013,143,429,66,86,73,160,966,81,151,403,830
1156,"PAMBA AT CHENGANNUR, KERALA",KERALA,27.4,6.1,7.2,59,0.7,1.04,181,311,2013,14,348,66,117,77,150,747,23,226,266,509
1341,"PAMBA AT THAKAZHY, KERALA",KERALA,28.1,4.5,6.9,1190,0.7,1.17,218,388,2013,29,351,66,128,47,114,82,23,234,339,614
1565,"PAMBA DOWN, KERALA",KERALA,28.3,4.2,7,69,0.6,1.04,240,420,2013,66,353,66,133,43,128,822,17,226,384,646
17,"PERIYAR NEAR ALWAYENANELOOR, KERALA",KERALA,28.2,6,7,5569,2.2,0.68,473,1894,2013,88,388,66,130,73,128,731,192,173,639,279
18,"PERIYAR AT KALADY, KERALA",KERALA,27.2,7.3,7,34,1,0.27,234,927,2013,99,382,66,113,127,128,525,39,75,370,1056
1338,"PERIYAR AT SEWAGE DISCHARGE POINT, KERALA",KERALA,27.4,6.3,7,44,1.6,0.32,487,1876,2013,26,386,66,117,84,128,627,74,90,650,274
2333,RIVER PERIYAR AT MUPPATHADAM,KERALA,28.2,6.4,7.2,49,1.4,0.23,362,1357,2013,167,477,66,130,87,150,666,64,62,544,130
2334,RIVER PERIYAR AT PATHALAM,KERALA,27.9,5.9,7,3272,2.2,0.62,330,1284,2013,168,478,66,126,72,128,510,192,165,508,106
2335,R PERIYAR AT KALAMASSERY,KERALA,27.3,4.6,7,65,1.7,0.28,631,1937,2013,169,430,66,116,48,128,802,81,79,728,287
2336,R PERIYAR AT PURAPPALLIKAVU,KERALA,28.2,6.5,6.9,4650,2,1,340,1573,2013,170,431,66,130,91,114,652,177,220,522,198
3468,"PERIYAR AT KWA INTAKENAN ALUVA, ERNAKULAM",KERALA,28.2,6.5,7,42,1.4,1,249,1221,2013,315,383,66,130,91,128,609,64,220,393,82
2300,R PERUVAMBA AT CHANDAPPURA,KERALA,26.7,6.4,6.4,45,1.2,1,142,376,2013,155,432,66,106,87,79,636,50,220,171,598
2303,R PULLUR AT PULLUR BR.,KERALA,28,6,6.1,56,1.2,0,136,438,2013,158,433,66,127,73,75,732,50,1,159,672
2290,R PUZHACKAL AT PUZHACKAL BRIDGE,KERALA,29.7,5.3,6.8,99,2.8,0.79,106,523,2013,145,434,66,154,60,108,998,214,187,70,760
2299,R RAMAPURAM AT RAMAPURAM BRIDGE,KERALA,28.2,3.6,6.5,22131,1.8,0.95,105,261,2013,154,435,66,130,34,84,351,90,211,67,421
2305,R SHRIYA AT ANGADIMOGARU,KERALA,28.9,6.9,6.7,66,1.8,0,93,205,2013,160,436,66,144,109,99,808,90,1,843,312
2296,R THALLASSERY AT PATHIPPALAM,KERALA,26.4,6,6.6,67,1.5,3.69,168,398,2013,151,437,66,102,73,92,813,69,437,240,624
2292,R THIRUR AT THALAKKADATHUR BRIDGE,KERALA,30,4.9,6.8,9107,1.6,1,208,614,2013,147,438,66,157,54,108,962,74,220,319,847
2306,R UPPALA AT  UPPALA BR.,KERALA,30.8,6.3,7,18931,1.4,1,34,201,2013,161,439,66,165,84,128,288,64,220,521,306
3473,"RIVER VALAPATTANAM AT PARASSINIKADAVU, KANNUR",KERALA,27.8,6.6,6.8,15525,1.1,0.06,149,347,2013,317,492,66,125,95,108,211,46,7,190,554
1442,"VAMANAPURAM, KERALA",KERALA,26.7,7.1,7.5,46,0.8,1,239,1097,2013,44,640,66,106,119,179,645,25,220,381,40
1444,"KALI AT D/S WEST COAST PAPER MILL, KARNATAKA",KARNATAKA,27.1,7.3,7.3,164,2.3,1,115,336,2013,46,195,65,112,127,160,229,197,220,94,541
2780,"KALI AT U/S OF WCPM, DANDELI, KARNATAKA",KARNATAKA,26.3,7.6,7.4,122,2.4,1,223,834,2013,218,197,65,100,133,170,95,200,220,350,1007
1894,KUMARADHARA NAN U/S OF UPPINAGADY TOWN BEFORE CONFLUENCE WITH RIVER NETHRAVATHI,KARNATAKA,28.3,6.5,7.1,95,1,0,156,212,2013,110,240,65,133,91,141,979,39,1,207,328
1892,NETRAVATHI U/S OF DHARMASTALA AT WATER SUPPLY INTAKE POINT,KARNATAKA,27.9,6.5,7.1,56,1,0,30,79,2013,109,338,65,126,91,141,732,39,1,467,982
2423,"BUDHABALANGA, D/S OF BARIPADA TOWN",ORISSA,23.4,7.5,7.8,237,1.4,0.89,8281,18918,2013,175,50,106,69,130,207,376,64,203,809,278
2424,BUDHABALANGA AT BALASORE D/S,ORISSA,23.5,7.6,7.6,3688,2.3,2.66,19264,32918,2013,176,48,106,70,133,189,556,197,385,288,533
2425,"RIVER KERANDI(INTAKE WELL OF NALCO REFINARY, HAL, SUNABEDA)",ORISSA,22.4,7.3,7.5,82,1.2,1.58,15816,17512,2013,177,462,106,60,127,179,907,50,271,212,246
2422,"NAGAVALLI AT PENTA U/S, JAYKAYPUR TOWN",ORISSA,26.8,7.5,8,202,1.4,1.89,11771,23191,2013,174,317,106,109,130,232,312,64,295,100,374
1642,"NAGAVALLI AT JAYKAYPUR D/S, ORISSA",ORISSA,26.5,7.3,7.9,232,2.9,2.23,9026,30836,2013,83,316,106,103,127,218,367,215,362,836,503
1643,"NAGAVALLI AT RAYAGADA D/S, ORISSA",ORISSA,22,7.4,7.9,246,2.3,1.9,1850,3900,2013,84,321,106,56,129,218,393,197,296,274,617
1455,"RUSHIKULYA AT GANJAM U/S, ORISSA",ORISSA,27.6,6.9,8.1,3960,2,2.26,19058,22523,2013,49,503,106,120,109,235,585,177,364,283,359
1456,"RUSHIKULYA AT GANJAM D/S, ORISSA",ORISSA,26.8,7,8,28222,1.8,2.54,16613,10469,2013,50,500,106,109,114,232,443,90,377,234,19
2426,VANSADHARA AT MUNIGUDA (D/S OF M/S VEDANTAALUMINA PROJECT),ORISSA,25.6,7.2,7.8,201,1.3,1.59,29937,31034,2013,178,643,106,91,124,207,309,56,272,465,507
2427,VANSADHARA ATGUNUPUR (INTERSTATE BOUNDRY),ORISSA,26.5,7.3,8,221,1.2,2.26,16103,5289,2013,179,644,106,103,127,232,350,50,364,219,764
1685,"ARASALAR RIVER KARAIKAL REGION, PONDICHERRY",PONDICHERRY,24,NAN,7.8,NAN,1,1,NAN,NAN,2013,85,23,116,77,165,207,1004,39,220,869,1094
2442,GAUTAMINANGODAVARI RIVER,PONDICHERRY,28,8,7.7,401,NAN,1,NAN,NAN,2013,180,113,116,127,142,199,591,407,220,869,1094
2443,GAUTAMINANGODAVARI RIVER,PONDICHERRY,28,8,8.2,1886,4,1,NAN,NAN,2013,181,113,116,127,142,242,285,297,220,869,1094
2444,CORINGA RIVER,PONDICHERRY,28,7,8.2,742,5,1,NAN,NAN,2013,182,72,116,127,114,242,862,332,220,869,1094
2445,MAHE RIVER,PONDICHERRY,27,7,6.4,149,4,1,NAN,NAN,2013,183,270,116,111,114,79,195,297,220,869,1094
1023,"GHAGGAR AT MUBARAKPUR REST HOUSE (PATIALA), PUNJAB",PUNJAB,23.3,5.5,7.2,636,9.7,4,1328,4975,2013,0,129,117,68,65,150,794,402,448,150,732
1024,"GHAGGAR AT 100M D/S CONF. WITH R. SARASWATI (PATIALA),PUNJAB",PUNJAB,22.8,4.7,7.3,1088,23.8,4,28250,56000,2013,1,116,117,64,49,160,41,234,448,439,799
1295,"GHAGGAR NEAR BANKARPUR,DERA BASSI,PUNJAB",PUNJAB,23.3,5.3,7.2,689,11.3,4,1350,6025,2013,22,148,117,68,60,150,821,108,448,157,836
1473,"GHAGGAR AT RATANHERI, D/S OF PATIALA NADI (AFTER CONFL.), PUNJAB",PUNJAB,21.8,4.9,7.3,1267,23.5,3,24750,54250,2013,55,132,117,54,54,160,109,232,404,391,782
1698,"D/S CHHATBIR, PUNJAB",PUNJAB,24.3,5.3,7.4,852,13,4,13775,26750,2013,86,73,117,78,60,170,925,119,448,162,425
1699,"U/S DHAKANSU NALLAH, PUNJAB",PUNJAB,23.5,4.9,7.5,977,16.5,5,12375,30500,2013,87,592,117,70,54,179,995,152,470,117,497
1700,"D/S DHAKANSU NALLAH, PUNJAB",PUNJAB,24,4.4,7.4,1256,24.8,6,25250,55250,2013,89,74,117,77,46,170,104,238,484,400,793
1701,"D/S JHARMAL NADI, PUNJAB",PUNJAB,23.5,4.8,7.2,1021,20.3,4,22875,43700,2013,90,75,117,70,50,150,11,218,448,360,670
1702,"U/S JHARMAL NADI, PUNJAB",PUNJAB,23.3,5.1,7.3,971,14.8,5,2125,8425,2013,91,593,117,68,56,160,990,138,470,330,1014
1703,"GHAGGER AT MOONAK, PUNJAB",PUNJAB,22.5,4.6,7.4,1284,24.3,4,21500,50000,2013,92,149,117,61,48,170,121,236,448,338,738
1704,"D/S SARDULGARH, PUNJAB",PUNJAB,26,4,7.4,1096,26,3,31750,57500,2013,93,78,117,96,38,170,47,243,404,489,809
1705,"U/S SARDULGARH, PUNJAB",PUNJAB,25.8,4.4,7.3,1002,21.5,4,21000,43750,2013,94,596,117,94,46,160,3,224,448,326,671
1025,"GHAGGAR GHNAN1 AT ROAD BRDG. SIRSA,DEBWALI ROAD,HARYANA",HARYANA,NAN,NAN,6.9,910,13,0,NAN,NAN,2013,2,143,55,178,165,114,961,119,1,869,1094
1026,"GHAGGAR GHNAN2 AT CHANDARPUR SYPHON,  HARYANA",HARYANA,NAN,NAN,6.5,930,15,0,NAN,NAN,2013,3,146,55,178,165,84,973,141,1,869,1094
1884,RIVER GHAGGAR AT D/S OF SURAJPUR,HARYANA,NAN,5,7.3,NAN,33.9,0,NAN,NAN,2013,106,456,55,178,55,160,1004,285,1,869,1094
1887,GHAGGAR BEFORE OTTU WEIR (BEFORE MIXING OF SATLUJ CANAL WATER) (HARYANA),HARYANA,NAN,NAN,6.7,960,18,0,NAN,NAN,2013,108,140,55,178,165,99,984,162,1,869,1094
1718,"GAGGAR RIVER WHEN ENTERING IN RAJASTHAN FROM HARYANA NEAR RD NO. 629, RAJASTHAN",RAJASTHAN,30.7,4.8,7.6,295,0.8,0,4,9,2013,96,110,149,164,50,189,458,25,1,575,1041
1871,"RIVER MARKANDA AT PAONTA, DISTT. SIRMOUR, H.P.",HIMACHAL PRADESH,20.3,7.1,7.5,293,1.3,0,9,19,2013,105,476,56,42,119,179,454,56,1,832,280
2624,MARKANDA U/S KALA AMB,HIMACHAL PRADESH,20.7,7.1,7.5,316,1.4,0,13,22,2013,192,293,56,45,119,179,496,64,1,138,345
2625,MARKANDA D/S KALA AMB/ BOUNDARY OF HARYANA,HIMACHAL PRADESH,20.8,6.6,7.5,274,1.6,0,14,24,2013,193,292,56,46,95,179,431,74,1,165,385
1870,"RIVER SUKHANA AT PARWANOO, DISTT. SOLAN, H.P.",HIMACHAL PRADESH,20.6,4.9,7.4,407,16.3,0,51,120,2013,104,488,56,44,54,170,596,150,1,669,77
2947,"RIVER JAWAI AT JAWAI DAM, SIROHI, RAJASTHAN",RAJASTHAN,28,4.9,8.3,603,1,0,4,5,2013,249,457,149,127,54,244,768,39,1,575,734
1717,"KODRA DAM, MOUNT ABU, RAJASTHAN",RAJASTHAN,23.4,5.5,7.4,138,0.8,0,4,6,2013,95,233,149,69,65,170,156,25,1,575,832
2948,"RIVER BANDI AT HEMAWAS DAM, PALI, RAJASTHAN",RAJASTHAN,25.3,5.5,8.1,625,1.1,0,4,6,2013,250,446,149,88,65,235,786,46,1,575,832
1719,"GAGGAR RIVER D/S HANUMANGARH NEAR 2 KNJ NAI ABADI, MAKKASR, RAJASTHAN",RAJASTHAN,31.1,5,7.3,305,1.7,0,4,12,2013,97,108,149,168,55,160,477,81,1,575,76
2949,"RIVER LUNI AT RANAKPUR DAM, RANAKPUR, PALI, RAJASTHAN",RAJASTHAN,26.3,5.6,8.1,552,1.1,0,4,6,2013,251,468,149,100,67,235,727,46,1,575,832
3305,"RIVER BANJAR AT MALANJKHAND NEAR W/S INTAKE POINT, JABALPUR",MADHYA PRADESH,22,7.3,7.3,402,2.1,0,4,32,2013,273,447,78,56,127,160,592,185,1,575,523
3383,"BUGI RIVER AT MIBANPARA, SOUTH GARO HILLS",MEGHALAYA,24.4,7.2,7.3,99,2.2,1,26,57,2013,307,53,88,79,124,160,998,192,220,406,803
3384,"BUGI RIVER AT DALU, SOUTH GARO HILLS",MEGHALAYA,23.7,7.2,7.4,102,2.2,1,25,56,2013,308,52,88,73,124,170,8,192,220,395,797
3380,"DAMRING RIVER (KRISHNEI RIVER) AT RESUBELPARA, EAST GARO HILLS",MEGHALAYA,24.6,7.6,7.2,72,1.8,2.56,24,57,2013,304,101,88,81,133,150,849,90,379,383,803
1632,"GANOL RIVER TURA, MEGHALAYA",MEGHALAYA,23.1,7.1,7.5,131,2.2,3.2,239,413,2013,81,112,88,66,119,179,133,192,416,381,640
1428,"KYRHUKHLA NEAR SUTNGA KHLIERIAT,JAINTIA HILLS DT.,MEGHALAYA",MEGHALAYA,21.7,5.2,2.9,682,7.8,1.5,16,30,2013,39,259,88,53,59,28,818,382,264,214,484
3369,"KYNSHI RIVER AT SOHIONG, WEST KHASI HILLS",MEGHALAYA,18.2,7.3,7.1,47,1.3,2,15,48,2013,293,256,88,19,127,141,655,56,346,191,715
3370,"KYNSHI RIVER AT NANGKHNUM, WEST KHASI HILLS",MEGHALAYA,18.8,7.6,7.2,52,1.2,2,16,36,2013,294,254,88,26,133,150,702,50,346,214,579
3371,"KYNSHI RIVER AT RANIKOR, WEST KHASI HILLS",MEGHALAYA,23.8,8,6.9,64,1.8,3.38,23,49,2013,295,255,88,75,142,114,797,90,425,362,722
3372,RILANG RIVER,MEGHALAYA,17.8,7.9,7.3,46,1.4,1,12,29,2013,296,442,88,15,139,160,645,64,220,105,468
3373,WAH BLEI,MEGHALAYA,18.7,7.4,7.2,53,1.9,3,14,32,2013,297,656,88,25,129,150,706,95,404,165,523
3374,WAH BLEI,MEGHALAYA,18.8,7.7,7.2,55,1.6,3,15,63,2013,298,656,88,26,135,150,724,74,404,191,862
3375,LUKHA RIVER,MEGHALAYA,21.3,6.8,2.7,1074,3.2,2.33,4,11,2013,299,264,88,50,105,27,35,259,368,575,41
3376,LUKHA RIVER,MEGHALAYA,22.6,7.1,6.5,237,3.8,4.56,674,1072,2013,300,264,88,62,119,84,376,274,461,750,29
3381,"MANDA RIVER (DUDHAI RIVER) AT JAMPA, EAST GARO HILLS",MEGHALAYA,25.2,7.8,7.2,50,1.6,1.77,20,41,2013,305,271,88,87,137,150,685,74,287,306,638
3382,"MANDA RIVER (DUDHAI RIVER) AT WAGAISI, EAST GARO HILLS",MEGHALAYA,24.8,7.3,7.3,71,2,2.66,21,47,2013,306,272,88,83,127,160,846,177,385,323,708
3377,"MYNTANG RIVER AT NARTIANG, JAYANTIA HILLS",MEGHALAYA,19.9,7.3,7,91,1.8,3.3,20,45,2013,301,309,88,38,127,128,960,90,419,306,684
3378,"MYNTANG RIVER AT MYNSO, JAYANTIA HILLS",MEGHALAYA,20.7,7.4,7.1,49,1.7,2.44,19,42,2013,302,308,88,45,129,141,666,81,373,279,645
1631,"MYNTDU RIVER JOWAI, MEGHALAYA",MEGHALAYA,20.6,6.5,7.1,99,2.7,3.56,1967,2722,2013,80,312,88,44,91,141,998,210,434,298,431
3379,"MYNTDU RIVER AT LESHKA, JAYANTIA HILLS",MEGHALAYA,21.5,7.5,5.7,50,1.5,2.21,10,23,2013,303,310,88,52,130,63,685,69,361,52,369
3367,"NONBAH RIVER AT NANGSTOIN MARKE, WEST KHASI HILLS",MEGHALAYA,17.7,5.8,6.9,68,3.1,4.9,197,463,2013,291,341,88,14,70,114,817,256,468,299,702
3368,"NONBAH RIVER AT NANGSTOIN MARKE, WEST KHASI HILLS",MEGHALAYA,17.9,6.9,7.2,44,1.4,2.66,14,33,2013,292,341,88,16,109,150,627,64,385,165,535
1633,"SIMSANG RIVER WILLIAMNAGAR, MEGHALAYA",MEGHALAYA,23.9,7.8,7.3,93,1.9,2.99,264,444,2013,82,523,88,76,137,160,971,95,399,415,679
3353,"UMIAM MAWPHLANG RIVER AT NONGKREM, EAST KHASI HILLS",MEGHALAYA,18,6.6,7,66,2.3,4,29,63,2013,277,606,88,17,95,128,808,197,448,451,862
3354,"UMIAM MAWPHLANG RIVER AT UMTYNGNGAR, EAST KHASI HILLS",MEGHALAYA,18.4,7.6,7.1,53,1.7,3,23,53,2013,278,608,88,22,133,141,706,81,404,362,765
3355,"UMIAM MAWPHLANG RIVER AT MAWPHLANG, EAST KHASI HILLS",MEGHALAYA,18.8,7.8,7,47,1.4,2,8,35,2013,279,605,88,26,137,128,655,64,346,798,560
3356,"UMIAM MAWPHLANG RIVER AT SHELLA, EAST KHASI HILLS",MEGHALAYA,24.8,7.7,7.4,128,1.6,3.32,25,56,2013,280,607,88,83,135,170,117,74,420,395,797
3350,UMKHEN AT WAHKDAIT,MEGHALAYA,19.3,7.1,7,54,1.8,2.58,20,43,2013,274,611,88,31,119,128,716,90,380,306,658
3351,UMKHEN AT KSEHPONGDENG,MEGHALAYA,20.6,7.4,7,69,1.6,3.3,17,87,2013,275,610,88,44,129,128,822,74,419,242,1026
3352,"UMKHEN RIVER AT DIENGPASOH, EAST KHASI HILLS",MEGHALAYA,20.7,7.5,7.2,58,1.6,2.25,21,46,2013,276,612,88,45,130,150,742,74,363,323,696
3359,"UMKHRAH RIVER AT DEMTHRING, SHILLONG",MEGHALAYA,18.4,3.1,7.2,401,21.8,19,22556,31444,2013,283,613,88,22,28,150,591,225,340,355,515
3360,"UMKHRAH RIVER ATUMKALIAR, SHILLONG",MEGHALAYA,19.1,4.7,7.2,202,13.6,15,13444,20056,2013,284,616,88,29,49,150,312,125,323,155,304
3361,"UMKHRAH RIVER ATMAWLAI, SLAUGHTER",MEGHALAYA,19.7,2.1,7.2,303,37.2,18.2,39444,62333,2013,285,615,88,36,19,150,475,294,337,573,855
3362,"UMKHRAH RIVER AT MAWPDANG, MAWLAI",MEGHALAYA,20.1,1.8,7.2,394,40.6,15.4,57222,96944,2013,286,614,88,40,13,150,582,321,325,703,1083
3357,"UMNGOT RIVER AT SMIT, EAST KHASI HILLS",MEGHALAYA,17.6,7.2,6.9,55,1.7,3.04,26,56,2013,281,618,88,12,124,114,724,81,408,406,797
3358,"UMNGOT RIVER AT DAWKI, EAST KHASI HILLS",MEGHALAYA,22.7,7.9,7.1,55,1.2,3.55,23,50,2013,282,617,88,63,139,141,724,50,433,362,735
3363,"UMSHYRPI RIVER AT RISA COLONY, EAST KHASI HILLS",MEGHALAYA,17.9,6.9,6.9,52,2.2,3.48,1576,45,2013,287,623,88,16,109,114,702,192,430,210,684
3364,"UMSHYRPI RIVER AT LAW COLLEGE, DHANKETI, EAST KHASI HILLS",MEGHALAYA,18.9,1.9,7,306,34.2,17.9,48278,85667,2013,288,622,88,27,14,128,478,286,335,646,1021
3365,"UMSHYRPI RIVER AT UMSHYRPI BRIDGE, EAST KHASI HILLS",MEGHALAYA,19.4,4.5,7.1,196,15.5,11,48611,43333,2013,289,624,88,33,47,141,301,144,311,648,666
1427,"UMTREW AT BYRNIHAT EAST, MEGHALAYA",MEGHALAYA,23.7,7.2,7.1,107,6.7,5.56,303,476,2013,38,626,88,73,124,141,32,365,479,473,714
3366,"UMTREW RIVER AT UMRAN, RINAN BHOI",MEGHALAYA,22.7,7.5,7,82,2.1,3.02,45,122,2013,290,627,88,63,130,128,907,185,406,622,81
2050,TLAWNG UPSTREAM AIZAWL,MIZORAM,23.6,7.1,7.5,189,1.9,1,NAN,NAN,2013,120,584,92,71,119,179,287,95,220,869,1094
2051,TLAWNG DOWNSTREAM AIZAWL,MIZORAM,23.8,7,7.6,197,1.8,1,NAN,NAN,2013,121,582,92,75,114,189,302,90,220,869,1094
2052,TUIRIAL UPPER CATCHMENT,MIZORAM,23.5,7.2,7.9,158,1.9,0.95,NAN,NAN,2013,122,590,92,70,124,218,217,95,211,869,1094
2053,TUIRIAL LOWER CATCHMENT,MIZORAM,23.5,6.5,7.8,161,1.8,0.99,NAN,NAN,2013,123,588,92,70,91,207,221,90,218,869,1094
1393,DAMANGANGA AT D/S OF MADHUBAN,DAMAN & DIU,31,7.1,7.8,151,8,0.08, , ,2012,32,82,21,167,119,207,200,384,9,0,0
1150,DAMANGANGA AT KACHIGAON U\S AT GIDC WIER,GUJARAT,28,7.2,7.4,319,0.7,0.18,5,10,2012,9,90,52,127,124,170,501,23,40,661,2
1865,RIVER DHADAR AT KOTHADA,GUJARAT,27,6.2,8.4,894,9,0.38,140,350,2012,103,454,52,111,79,248,948,396,107,166,561
1434,AMLAKHADI AFTER CONFL. OF W. WATER FROM ANKLESHWAR,GUJARAT,30,2.2,8,1835,17.9,0.86,10478,25478,2012,40,18,52,157,20,232,269,161,200,66,409
1980,AMLAKHADI AT PUNGAM ANKLESHWAR DISTT BHARUCH,GUJARAT,31,2,7.7,3165,32.3,3.44,11498,15173,2012,114,20,52,167,18,199,497,283,428,93,180
1149,KOLAK AT PATALIA BDG,GUJARAT,29,2.4,7.6,1500,6.2,1.31,3,13,2012,8,234,52,145,21,189,199,358,248,466,110
1399,ZUARI AT D/S OF PT. WHERE KUMBARJRIA CANAL JOINS,GOA,31,5.9,7.2,52,2.1,0.08, ,90,2012,33,663,51,167,72,150,702,185,9,0,1042
1475,ZUARI AT PANCHAWADI,GOA,30,6.1,6.8,408,1.3,0.17,1300,3808,2012,56,665,51,157,77,108,597,56,38,140,605
3181,RIVER ZUARI AT BORIM BRIDGE,GOA,30,5.5,6.9,143,1.3,0.09,4100,11113,2012,260,495,51,157,65,114,176,56,11,588,48
3182,RIVER ZUARI AT MARCAIM JETTY,GOA,29,5.4,7.2,60,1.5,0.08,428,2309,2012,261,496,51,145,62,150,764,69,9,604,373
1400,MANDOVI AT NEGHBOURHOOD OF PANAJI,GOA,29,5.8,7.2,34,5.3,0.17,855,3322,2012,34,274,51,145,70,150,525,337,38,820,539
1476,"MANDOVI AT TONCA, MARCELA",GOA,29,5.9,6.7,125,1.5,0.14,1638,5793,2012,57,276,51,145,72,99,103,69,23,225,813
3185,MANDOVI AT AMONA BRIDGE,GOA,28,6.4,6.7,175,1.3,0.1,772,3636,2012,264,273,51,127,87,99,251,56,13,788,586
3186,RIVER MANDOVI AT IFFI JETTY,GOA,30,6.2,7.7,39,1.3,0.06,1296,4517,2012,265,472,51,157,79,199,577,56,7,136,687
3187,MANDOVI NEAR HOTEL MARRIOT,GOA,30,6.1,7.8,39,1.5,0.06,1032,5840,2012,266,278,51,157,77,207,577,69,7,60,817
1543,KALNA AT CHANDELNAN PERNEM,GOA,27,7.3,6.9,61,0.7,0.09,1430,4388,2012,58,203,51,111,127,114,775,23,11,174,673
1548,RIVER ASSONORA AT ASSONORA,GOA,28,6.8,6.6,71,1.5,0.14,2495,3949,2012,63,444,51,127,105,92,846,69,23,394,622
2276,"BICHOLIM VARAZAN NAGAR, BICHOLIM",GOA,29,7.4,6.5,129,2.3,0.49,5868,16691,2012,138,47,51,145,129,84,125,197,135,709,224
2275,"RIVER CHAPORA NEAR ALORNA FORT ,PERNEM",GOA,28,7,6.8,503,1.6,0.66,965,2404,2012,137,453,51,127,114,108,687,74,170,858,387
3189,RIVER CHAPORA AT SIOLIM,GOA,29,6.3,7.5,31,1.6,0.06,1466,4267,2012,268,452,51,145,84,179,485,74,7,183,652
1546,KHANDEPAR AT OPA NAN PONDA,GOA,29,7.1,6.8,70,0.8,0.17,716,3567,2012,61,219,51,145,119,108,839,25,38,770,572
2270,"KHANDEPAR AT CODLI NR BDG, U/S OPA WATERWORKS,SANGUEM",GOA,30,7.3,6.8,69,1.2,0.12,457,2446,2012,132,217,51,157,127,108,822,50,18,628,392
2272,"RIVER KUSHAWATI NEAR BUND AT KEVONA,RIVON,SANGUEM",GOA,28,6.7,6.6,118,1,0.22,1104,3496,2012,134,466,51,127,100,92,75,39,56,84,559
1545,RIVER MADAI AT DABOS NAN  VALPOI,GOA,28,7.4,6.8,80,1.3,0.06,274,1404,2012,60,469,51,127,129,108,899,56,7,426,144
2274,RIVER MAPUSA ON CULVERT ON HIGHWAY MAPUSANANPANAJI,GOA,29,4.5,6.6,250,2.4,0.16,1572,5889,2012,136,474,51,145,47,92,399,200,32,209,822
2271,"SAL PAZORKHONI, CUNCOLIM (NEAR CULVERT MARGAONAN CANACONA NATIONAL HIGHWAY)",GOA,28,6.1,6.9,74,1.8,0.19,1074,3937,2012,133,507,51,127,77,114,860,90,43,73,620
2273,"RIVER SAL NEAR HOTEL LEELA MOBOR,CAVELOSSIM",GOA,30,5.9,7.3,44,1.6,0.14,962,2794,2012,135,482,51,157,72,160,627,74,23,854,445
3183,"SAL AT KHAREBAND, MARGAO",GOA,30,2.4,6.5,195,4.8,0.35,7980,14217,2012,262,504,51,157,21,84,298,317,102,797,150
3184,"SAL AT ORLIM BRIDGE, ORLIM",GOA,31,4,6.8,207,1.8,0.34,818,2280,2012,263,505,51,167,38,108,323,90,96,805,367
3190,RIVER SINQUERIM (CANDOLIM SIDE NEAR BRIDGE),GOA,29,5.4,7.6,40,1.6,0.07,290,1330,2012,269,485,51,145,62,189,590,74,8,452,121
3191,RIVER SINQUERIM NEAR NERUL TEMPLE,GOA,30,5.3,7.6,41,1.4,0.08,952,2517,2012,270,486,51,157,60,189,599,64,9,851,406
1547,RIVER TALPONA AT CANACONA,GOA,29,7,6.9,54,0.8,0.21,667,3059,2012,62,489,51,145,114,114,716,25,53,746,499
3188,RIVER TIRACOL AT TIRACOL,GOA,29,5.9,7.7,44,2.1,0.08,1200,831,2012,267,491,51,145,72,199,627,185,9,106,1005
1544,VALVANT AT SANKLI NAN BICHOLIM,GOA,29,7.1,6.5,60,1.7,0.13,2926,8163,2012,59,636,51,145,119,84,764,81,20,454,998
2651,"AMBA AT D/S OF WAKEN BRIDGENANU/S OF JS PETROCHEMICALS, WAKENPHATA, ROHA",MAHARASHTRA,29,6.9,7.7,99,3.3,0.56,53,123,2012,194,10,79,145,109,199,998,263,151,682,87
1461,BHATSA AT D/S OF PISE DAM NEAR PISE VILLAGE (ULHAS),MAHARASHTRA,30,6.6,7.9,123,3.2,0.52,44,104,2012,53,40,79,157,95,218,96,259,145,612,17
2653,"BHATSA AT D/S OF LIBERTY OIL MILLS, SATNEL, SHAHAPUR,THANE",MAHARASHTRA,27,6.6,7.7,220,3.6,0.65,25,77,2012,195,39,79,111,95,199,349,268,168,395,969
2654,"BHATSA AT U/S OF LIBERTY OIL MILLS, SATNEL, SHAHAPUR, THANE",MAHARASHTRA,27,6.8,7.7,219,3.4,0.63,23,75,2012,196,43,79,111,105,199,348,264,166,362,961
1092,KALU AT ATALE VILLAGE,MAHARASHTRA,27,4.8,7.2,5429,8.4,2.08,177,408,2012,4,205,79,111,50,150,721,388,351,257,636
2670,"KAN RIVER, NEAR SAKRI WATER WORKS, SAKRI, DHULE.",MAHARASHTRA,23,6.4,8,493,4.2,3.91,17,68,2012,197,209,79,65,87,232,672,304,445,242,907
1152,KUNDALIKA AT ROHA CITY,MAHARASHTRA,29,6.8,7.6,100,3,0.54,124,295,2012,11,243,79,145,105,189,1,255,149,119,475
2198,KUNDALIKA RIVER AT ARE KHURD ( SALINE ZONE ),MAHARASHTRA,29,6.7,7.5,316,4.6,0.6,47,132,2012,130,246,79,145,100,179,496,313,159,638,118
2671,"KUNDALIKA RIVER NEAR SALAV BRIDGE (SALINA ZONE), SALAV, ROHA, RAIGAD",MAHARASHTRA,28,5.8,7.9,37227,9.5,1.42,231,451,2012,198,249,79,127,70,218,560,400,258,365,686
2672,"KUNDALIKA AT DHATAV AT JACKWELL (DRINKING WATER  PUMPING STATIONNANSWEET ZONE), ROHA",MAHARASHTRA,29,6.9,7.7,84,3.1,0.42,69,168,2012,199,242,79,145,109,199,920,256,118,754,228
2168,MITHI RIVER,MAHARASHTRA,25,4.9,7.6,21254,55.5,2.18,560,964,2012,129,300,79,85,54,189,332,352,358,698,1080
2676,"MUCHKUNDI RIVER AT  WAKED, NEAR M/S ASAHI INDIA GLASS LTD., LANJA, RATNAGIRI.",MAHARASHTRA,28,6.9,7.9,312,2.7,1.58,4,107,2012,200,302,79,127,109,218,491,210,271,575,28
1151,PATALGANGA AT SHILPHATA,MAHARASHTRA,29,6.8,7.5,146,3,0.6,124,241,2012,10,358,79,145,105,179,189,255,159,119,388
1462,PATALGANGA NEAR INTAKE OF MIDC W/W,MAHARASHTRA,29,6.7,7.3,127,2.9,0.59,100,209,2012,54,361,79,145,100,160,112,215,158,53,320
2685,"PATALGANGA RIVER AT D/S OF KHARPADA BRIDGE, RAIGAD.",MAHARASHTRA,29,5.6,6.9,432,4.5,1.72,58,173,2012,201,364,79,145,67,114,621,311,283,707,240
2686,"PATALGANGA RIVER AT VYAL PUMP HOUSE , KHALAPUR, RAIGAD.",MAHARASHTRA,29,6.5,7.3,126,3,0.59,132,284,2012,202,371,79,145,91,160,106,255,158,146,457
2687,"PATALGANGA RIVER AT KHALAPUR PUMPING STATION, KHALAPUR, RAIGAD.",MAHARASHTRA,30,7.1,7.5,128,3,0.6,136,297,2012,203,368,79,157,119,179,117,255,159,159,479
2688,"PATALGANGA RIVER AT SAVROLI BRIDGE, KHALAPUR, RAIGAD.",MAHARASHTRA,30,6.4,7.3,129,3.1,0.6,68,191,2012,204,369,79,157,87,160,125,256,159,752,283
2689,"PATALGANGA AT GAGANGIRI MAHARAJ TEMPLE, KHOPOLI, RAIGAD.",MAHARASHTRA,29,6.9,7.7,129,2.9,0.55,135,268,2012,205,355,79,145,109,199,125,215,150,156,426
2696,"PEHLAR DAM ON PEHLAR INLET OF WATER WORKS, VASAI, THANE.",MAHARASHTRA,25,7,7.9,153,2.9,0.55,30,86,2012,206,375,79,85,114,218,205,215,150,467,1023
2199,SAVITRI RIVER AT OVALE VILLAGE.,MAHARASHTRA,30,6.4,7.6,10165,3.7,2.14,5,139,2012,131,517,79,157,87,189,7,271,355,661,139
2701,"SAVITRI JACKWELL AT UPSA KENDRE, NANGALWADI, MAHAD, RAIGAD",MAHARASHTRA,30,6.9,7.7,307,2.8,3.6,4,123,2012,207,513,79,157,109,199,480,214,435,575,87
2702,"SAVITRI RIVER AT SHEDAV DOH, MAHAD,RAIGAD",MAHARASHTRA,31,6.3,7.7,322,3.5,1.1,4,116,2012,208,518,79,167,84,199,504,265,229,575,63
2703,"SAVITRI RIVER AT DADLI BRIDGE, DADLI, MAHAD, RAIGADH",MAHARASHTRA,30,6.5,7.5,5835,3.4,1.72,4,126,2012,209,515,79,157,91,179,745,264,283,575,99
2704,"SAVITRI RIVER AT MUTHAVALI VILLAGE, MAHAD, RAIGADH",MAHARASHTRA,30,6.3,7.4,9245,4.7,2,4,134,2012,210,516,79,157,84,170,968,316,346,575,123
2706,"SURYA RIVER, U/S OF SURYA DAM, DHAMMI, VIKRAMGAD, THANE",MAHARASHTRA,28,6.5,8.1,1907,4,0.55,46,115,2012,211,533,79,127,91,235,291,297,150,631,61
2707,"SURYA AT MIDC PUMPING STN, GARVASHET, PALGHAR, THANE",MAHARASHTRA,28,7,8,1896,3.5,0.64,190,245,2012,212,529,79,127,114,232,289,265,167,280,393
2708,"SURYA RIVER AT INTAKE OF VASAINANVIRAR W/S SCHEME, MASVAN, PALGHAR, THANE",MAHARASHTRA,28,7,8,206,2.9,0.56,31,74,2012,213,530,79,127,114,232,321,215,151,482,958
2709,"TANSA RIVER NEAR ROAD BRIDGE, VILLAGE DAKEWALI, WADA, THANE",MAHARASHTRA,27,6.8,7.8,239,3.3,0.56,33,77,2012,214,565,79,111,105,207,379,263,151,507,969
1093,ULHAS AT U/S OF NRC BUND AT MOHANE,MAHARASHTRA,27,6.4,7.6,152,3.2,0.96,62,142,2012,5,599,79,111,87,189,204,259,212,724,149
1094,ULHAS AT U/S OF BADLAPUR,MAHARASHTRA,26,6.7,7.7,146,3,0.89,30,73,2012,6,597,79,96,100,199,189,255,203,467,952
2162,ULHAS ATJAMBHUL WATER WORKS,MAHARASHTRA,27,6.7,7.6,137,2.9,0.76,24,64,2012,127,602,79,111,100,189,152,215,184,383,873
2712,"VAITARNA NR RD BDG, GANDHARE VILLAGE, WADA, THANE.",MAHARASHTRA,28,6.6,7.8,228,3.5,0.57,30,79,2012,215,631,79,127,95,207,361,265,154,467,982
2164,VASHISTI AT U/S OF THREE M PAPER MILLS NEAR M/S MULTIFILMS PLASTIC PVT. LTD. AT KHERDI.,MAHARASHTRA,23,7,7.7,409,2.4,0.93,4,112,2012,128,652,79,65,114,199,598,200,209,575,52
2713,"VASHISHTI  AT D/S OF THREE M PAPER MILLS NR CHIPLUN WATER INTAKE JACKWELL,KHERDI,RATNAGIRI",MAHARASHTRA,22,6.8,7.6,263,2.9,0.81,4,123,2012,216,645,79,56,105,189,418,215,191,575,87
2714,"VASHISHTI RIVER AT U/S OF POPHALI NEAR KONPHANSAWANE BRIDGE, CHIPLUN, RATNAGIRI",MAHARASHTRA,23,6.9,7.5,338,2.3,3.93,4,108,2012,217,649,79,65,109,179,523,197,446,575,33
1342,ACHENKOIL AT THUMPAMON,KERALA,26,7,7.2,79,0.8,0.62,279,637,2012,30,5,66,96,114,150,892,25,165,432,871
1443,ACHENKOIL AT CHENNITHULA,KERALA,26,6.6,7,67,1.1,0.53,275,670,2012,45,0,66,96,95,128,813,46,148,427,902
3465,"ACHENKOIL AT KALLARAKADAVU, PATHANAMTHITTA",KERALA,26,6.6,7.3,59,0.7,0.57,281,541,2012,313,2,66,96,95,160,747,23,154,436,779
3466,"ACHENKOIL AT PANDALAM (NEAR AYYAPPA TEMPLE),PATHANAMTHITTA",KERALA,26,6.2,7.3,66,0.8,0.55,303,609,2012,314,4,66,96,79,160,808,25,150,473,844
2297,ANCHARAKANDY AT MERUVAMBA,KERALA,26,7.1,7,67,1,0.34,170,538,2012,152,21,66,96,119,128,813,39,96,243,772
2319,ANCHARAKANDY AT MERUVAMBA,KERALA,26,7,6.7,5341,1.1,0.37,158,528,2012,163,21,66,96,114,99,711,46,106,211,763
2286,R AYROOR AT AYROOR BRIDGE,KERALA,29,6.7,7.3,89,1.1,0.35,1163,2025,2012,141,393,66,145,100,160,945,46,102,97,309
2331,BHARATHAPUZHA AT KUTTIPPURAM,KERALA,28,6.2,7.3,136,1,0.46,296,676,2012,165,37,66,127,79,160,149,39,130,460,905
2332,R BHARATHAPUZHA AT PATTAMBI,KERALA,28,7.1,8.1,212,0.9,0.56,524,992,2012,166,395,66,127,119,235,331,30,151,679,1090
1154,CHALAKUDY AT PULICKALKANANDAVU,KERALA,29,6.3,6.3,134,1.2,0.67,224,780,2012,12,56,66,145,84,78,143,50,172,351,974
20,CHALIYAR AT KOOLIMADU,KERALA,26,7.3,7.2,76,0.6,0.31,468,893,2012,116,61,66,96,127,150,875,17,88,635,1038
21,CHALIYAR AT CHUNGAPALLY,KERALA,26,7,7.3,11041,0.9,0.29,256,503,2012,126,58,66,96,114,160,54,30,82,403,740
3464,"CHALIYAR AT NILAMBUR, MALAPPURAM",KERALA,28,6.8,7.1,75,0.8,0.5,693,1169,2012,312,63,66,127,105,141,868,25,137,757,66
1572,CHANDRAGIRI AT PADIYATHADKA,KERALA,29,7.4,7.2,61,0.7,0.11,54,255,2012,73,64,66,145,129,150,775,23,15,688,410
1573,CHITRAPUZHA AT IRUMPANAM,KERALA,28,1.7,6.6,769,3.4,1.11,556,1717,2012,74,68,66,127,12,92,879,264,230,696,237
2295,R CORAPUZHA AT KANAYANKODE,KERALA,26,6.1,7.5,14083,1.4,0.25,920,2686,2012,150,396,66,96,77,179,165,64,68,841,427
1564,"R ITHIKKARA AT AYUR, KERALA",KERALA,26,6.6,7.2,92,0.8,0.77,332,660,2012,65,397,66,96,95,150,966,25,185,511,893
2287,R ITHIKKARA AT ITHIKKARA,KERALA,25,6.6,7.2,1348,0.8,1.01,392,810,2012,142,398,66,85,95,150,144,25,221,571,994
1566,R KADALUNDI AT THIRURANGADY,KERALA,29,6,6.7,95,1.2,0.29,253,680,2012,67,400,66,145,73,99,979,50,82,401,908
2293,R KADALUNDI AT HAJIRAPPALLY,KERALA,29,6.6,6.8,78,1,0.2,275,626,2012,148,399,66,145,95,108,888,39,48,427,859
2337,KADAMBAYAR AT BRAHMAPURAM,KERALA,28,0.6,6.7,268,4.1,1.28,400,1308,2012,171,190,66,127,3,99,426,301,246,577,114
2338,KADAMBAYAR AT MANCKAKADAVU,KERALA,27,1.8,6.6,82,2,0.39,399,1410,2012,172,191,66,111,13,92,907,177,110,574,146
42,"KALLADA AT PERUMTHOTTAM KADAVU, PUNALOOR",KERALA,25,7.1,7.2,61,1,0.34,251,608,2012,318,200,66,85,119,150,775,39,96,397,842
2294,R KALLAI AT KALLAI BRIDGE,KERALA,26,3.9,7.6,30298,2.5,0.59,4830,7240,2012,149,404,66,96,37,189,474,203,158,647,949
3460,"KALPATHI PUZHA AT KALPATHI, PALAKKAD",KERALA,27,6.6,8,310,1.1,0.54,517,783,2012,311,204,66,111,95,232,486,46,149,677,977
3458,KARAPUZHA DAM AT WAYANAD,KERALA,27,7,7.1,97,0.8,0.35,45,77,2012,309,212,66,111,114,141,988,25,102,622,969
1571,R KARINGODE AT KAKKADAVU,KERALA,29,7.3,7,51,0.7,0.18,65,258,2012,72,405,66,145,127,128,693,23,40,741,416
1155,KARAMANA AT MOONNATTUMUKKU,KERALA,29,0.5,7.1,1717,21.2,4.41,3317,15833,2012,13,210,66,145,2,141,246,222,459,510,201
3471,"RIVER KARAMANA AT ARUVIKARA, THIRUVANANTHAPURAM",KERALA,29,7,7.4,55,0.9,0.32,800,1400,2012,316,460,66,145,114,170,724,30,90,801,143
2289,R KARUVANNURR AT KARUVANNUR BRIDGE,KERALA,29,6.1,6.8,67,1.1,0.58,80,394,2012,144,408,66,145,77,108,813,46,156,800,621
2301,R KAVVAI AT KUTTIYOL PALAM,KERALA,27,7,6.7,61,1.3,0.28,168,248,2012,156,409,66,111,114,99,775,56,79,240,399
2291,KEECHERI AT VADAKKANCHERY BDG,KERALA,30,5.2,6.9,81,1.5,0.37,71,465,2012,146,216,66,157,59,114,903,69,106,765,704
2326,R KORAYAR AT KANJIKODE,KERALA,27,6.1,8,510,1.1,0.72,784,1572,2012,164,411,66,111,77,232,695,46,177,791,197
1569,R KUPPAM AT THALIPARAMBA,KERALA,27,6.5,6.9,12150,1.8,0.52,711,1481,2012,70,413,66,111,91,114,93,90,145,767,166
2298,R KUPPAM AT RAYAROM,KERALA,25,7.9,7.2,50,1.1,0.3,319,845,2012,153,412,66,85,139,150,685,46,84,492,1017
1567,R KUTTIYADE AT KUTTIYADY ESTATE,KERALA,25,7.5,6.9,34,0.9,0.14,110,256,2012,68,415,66,85,130,114,525,30,23,82,414
1568,"R MAHE AT VALAYAM, KERALA",KERALA,26,7,7.4,72,1,0.38,496,897,2012,69,418,66,96,114,170,849,39,107,659,1039
2285,R MAMOM AT MAMOM BRIDGE,KERALA,29,7.3,7.3,99,0.9,0.23,1088,1788,2012,140,419,66,145,127,160,998,30,62,78,254
1340,MANIMALA  AT KALLOOPARA,KERALA,27,7.5,6.9,125,1.6,0.45,970,1400,2012,28,279,66,111,130,114,103,74,125,861,143
1384,MANIMALA AT THONDRA,KERALA,27,6.8,6.9,116,1.7,0.4,825,1260,2012,31,282,66,111,105,114,69,81,113,808,100
3459,"MANIYANKODE PUZHA AT MANIYANKODE BRIDGE, WAYANAD",KERALA,27,5.8,7.3,107,0.9,0.88,232,343,2012,310,288,66,111,70,160,32,30,202,366,550
2307,R MANJESWAR AT BAJRAKKARA BR.,KERALA,28,7.1,7.2,85,0.8,0.31,67,184,2012,162,420,66,127,119,150,923,25,88,747,267
1339,MEENACHIL AT KIDANGOOR,KERALA,26,6.8,7.1,58,0.7,0.46,2010,3460,2012,27,294,66,96,105,141,742,23,130,311,553
2304,R MOGRAL AT MOGRAL BR.,KERALA,29,5.7,7.3,13197,1.5,0.35,46,144,2012,159,421,66,145,69,160,138,69,102,631,153
43,MUVATTAPUZHA AT VETTIKKATTUMUKKU,KERALA,27,6.7,7.1,58,1.2,0.39,964,1739,2012,319,306,66,111,100,141,742,50,110,857,241
2302,NEELASWARAM AT NAMBIARKAL ,KERALA,28,7,6.9,3453,0.9,0.17,56,278,2012,157,336,66,127,114,114,533,30,38,697,442
1570,R NEELESWARAM AT HOSDURG,KERALA,29,6.5,7,14369,1.3,0.27,63,175,2012,71,424,66,145,91,128,179,56,75,727,244
1563,R NEYYAR AT AMARAVILA,KERALA,28,6.6,7.3,70,1.4,0.39,838,1875,2012,64,426,66,127,95,160,839,64,110,814,273
2284,R NEYYAR AT ARUVIPURAM,KERALA,29,7,7.3,60,0.8,0.18,631,1813,2012,139,428,66,145,114,160,764,25,40,728,262
2288,R PALLICKAL AT NELLIMUKAL,KERALA,26,6.3,7.2,97,0.8,0.56,357,880,2012,143,429,66,96,84,150,988,25,151,540,1030
1156,PAMBA AT CHENGANNUR,KERALA,28,6,7,63,1.1,1.04,243,493,2012,14,347,66,127,73,128,787,46,226,386,726
1341,PAMBA AT THAKAZHY,KERALA,28,4.4,7.1,113,1.5,1.17,358,722,2012,29,350,66,127,46,141,61,69,234,542,948
1565,PAMBA DOWN,KERALA,28,4.5,7.2,79,1,1.04,279,537,2012,66,352,66,127,47,150,892,39,226,432,771
17,PERIYAR NEAR ALWAYENANELOOR,KERALA,28,5.1,6.9,1789,2.1,0.68,408,1946,2012,88,387,66,127,56,114,258,185,173,584,289
18,PERIYAR AT KALADY,KERALA,27,7.5,7.2,36,1.1,0.27,282,1134,2012,99,381,66,111,130,150,545,46,75,437,58
1338,PERIYAR AT SEWAGE DISCHARGE POINT,KERALA,28,6.8,7,59,1.3,0.32,648,2267,2012,26,385,66,127,105,128,747,56,90,739,362
2333,PERIYAR AT MUPPATHADAM,KERALA,28,6.8,6.9,114,1.4,0.23,388,1785,2012,167,384,66,127,105,114,64,64,62,565,253
2334,RIVER PERIYAR AT PATHALAM,KERALA,28,5.9,6.8,1108,2.2,0.62,386,1520,2012,168,478,66,127,72,108,55,192,165,563,182
2335,R PERIYAR AT KALAMASSERY,KERALA,28,4.9,6.7,88,2.2,0.28,480,2200,2012,169,430,66,127,54,99,939,192,79,643,346
2336,R PERIYAR AT PURAPPALLIKAVU,KERALA,28,6.8,6.9,1686,1.4,0.25,236,1223,2012,170,431,66,127,105,114,239,64,68,376,83
3468,"PERIYAR AT KWA INTAKENAN ALUVA, ERNAKULAM",KERALA,28,7.1,6.9,45,1.2,0.29,451,1636,2012,315,383,66,127,119,114,636,50,82,625,217
2300,PERUVAMBA AT CHANDAPPURA,KERALA,26,6.9,6.6,56,1.1,0.3,177,542,2012,155,389,66,96,109,92,732,46,84,257,780
2303,R PULLUR AT PULLUR BR.,KERALA,28,6.5,6.3,49,1,0.22,87,323,2012,158,433,66,127,91,78,666,39,56,824,527
2290,R PUZHACKAL AT PUZHACKAL BRIDGE,KERALA,29,4.9,6.6,169,2.1,0.76,250,1241,2012,145,434,66,145,54,92,240,185,184,396,92
2299,R RAMAPURAM AT RAMAPURAM BRIDGE,KERALA,28,4.2,6.5,19575,1.4,0.39,210,528,2012,154,435,66,127,43,84,299,64,110,324,763
2305,R SHRIYA AT ANGADIMOGARU,KERALA,28,6.9,7.1,63,0.9,0.16,152,336,2012,160,436,66,127,109,141,787,30,32,198,541
2296,THALLASSERY AT PATHIPPALAM,KERALA,26,6.6,6.7,69,0.8,0.38,185,464,2012,151,568,66,96,95,99,822,25,107,273,703
2292,THIRUR AT THALAKKADATHUR BDG,KERALA,29,4.5,6.6,6381,2.1,0.34,196,435,2012,147,569,66,145,47,92,796,185,96,297,669
2306,R UPPALA AT  UPPALA BR.,KERALA,29,6.2,7.2,9326,1.3,0.22,61,141,2012,161,439,66,145,79,150,974,56,56,721,145
3473,"RIVER VALAPATTANAM AT PARASSINIKADAVU, KANNUR",KERALA,27,6.6,7.1,15158,1.1,0.26,126,810,2012,317,492,66,111,95,141,202,46,71,125,994
1442,VAMANAPURAM,KERALA,29,6.3,7.3,74,1.2,0.29,725,1813,2012,44,639,66,145,84,160,860,50,82,772,262
1444,KALI AT D/S WEST COAST PAPER MILL,KARNATAKA,28,6.4,7.1,183,2.3,0.62,209,398,2012,46,194,65,127,87,141,268,197,165,322,624
2780,"KALI AT U/S OF WCPM, DANDELI",KARNATAKA,27,7.1,7.4,135,1.9,0.72,419,995,2012,218,196,65,111,119,170,145,95,177,594,1091
1894,KUMARADHARA NAN U/S OF UPPINAGADY TOWN B/C WITH RIVER NETHRAVATHI,KARNATAKA,32,6.7,7.2,103,1, ,11,70,2012,110,239,65,170,100,150,13,39,0,81,928
1892,NETRAVATHI U/S OF DHARMASTALA AT WATER SUPPLY INTAKE POINT,KARNATAKA,30,6.8,7.1,106,1, ,13,137,2012,109,338,65,157,105,141,26,39,0,138,134
2423,"BUDHABALANGA, D/S OF BARIPADA",ORISSA,22,7.8,7.9,213,1.5,0.35,7742,15083,2012,175,49,106,56,137,218,333,69,102,789,176
2424,BUDHABALANGA AT BALASORE D/S,ORISSA,22,7.7,8.1,312,2,0.75,12675,32017,2012,176,48,106,56,135,235,491,177,182,127,525
2425,"RIVER KERANDI(INTAKE WELL OF NALCO REFINARY, HAL, SUNABEDA)",ORISSA,24,6.9,7.6,99,1.6,1.39,3066,5395,2012,177,462,106,77,109,189,998,74,254,478,773
2422,"NAGAVALLI AT PENTA U/S, JAYKAYPUR TOWN",ORISSA,27,7.3,8,230,1.6,0.69,2346,4348,2012,174,317,106,111,127,232,363,74,174,371,668
1642,NAGAVALLI AT JAYKAYPUR D/S,ORISSA,26,6.8,8.1,264,2.6,1.16,2428,5142,2012,83,313,106,96,105,235,419,206,233,385,753
1643,NAGAVALLI AT RAYAGADA D/S,ORISSA,25,7.2,8.1,272,3.1,1.46,2196,4586,2012,84,318,106,85,124,235,429,256,260,340,695
1455,RUSHIKULYA AT GANJAM U/S,ORISSA,28,8,8.3,312,1.4,0.73,1618,4319,2012,49,501,106,127,142,244,491,64,178,221,664
1456,RUSHIKULYA AT GANJAM D/S,ORISSA,29,8.2,8,19595,2,0.94,624,1116,2012,50,497,106,145,144,232,300,177,210,726,51
2426,VANSADHARA AT MUNIGUDA (D/S OF M/S VEDANTAALUMINA PROJECT),ORISSA,26,7,8,199,1.8,1.11,1503,3573,2012,178,643,106,96,114,232,306,90,230,195,574
2427,VANSADHARA ATGUNUPUR (INTERSTATE BOUNDRY),ORISSA,28,7.2,8.1,201,1.6,0.36,1239,2324,2012,179,644,106,127,124,235,309,74,103,118,375
1685,ARASALAR RIVER KARAIKAL REGION,PONDICHERRY,31,6.8,7.8,505,2.1,0.02, , ,2012,85,22,116,167,105,207,690,185,3,0,0
2444,CORINGA RIVER,PONDICHERRY,25,6.5,7.9,11170,3,0.3, , ,2012,182,72,116,85,91,218,59,255,84,0,0
2442,GAUTAMINANGODAVARI RIVER,PONDICHERRY,25,6.9,7.4,4990,3,0.37, , ,2012,180,113,116,85,109,170,678,255,106,0,0
2443,GAUTAMINANGODAVARI RIVER,PONDICHERRY,25,6.8,8.1,1516, ,0.28, , ,2012,181,113,116,85,105,235,203,0,79,0,0
2445,MAHE RIVER,PONDICHERRY,26,6,7.3,44600, ,0.23, , ,2012,183,270,116,96,73,160,633,0,62,0,0
1023,GHAGGAR AT MUBARAKPUR REST HOUSE (PATIALA),PUNJAB,21,5.5,7.4,635,8.8,5.08,1400,5500,2012,0,128,117,47,65,170,793,393,473,167,790
1024,GHAGGAR AT 100M D/S CONF. WITH R. SARASWATI (PATIALA),PUNJAB,24,5.5,7.4,1051,25,6.8,32000,63000,2012,1,114,117,77,65,170,25,239,493,495,864
1295,"GHAGGAR NEAR BANKARPUR,DERA BASSI",PUNJAB,21,5.3,7.3,636,9.9,5,2150,10000,2012,22,147,117,47,60,160,794,406,470,337,5
1473,"GHAGGAR AT RATANHERI, D/S OF PATIALA NADI (AFTER CONFL.)",PUNJAB,24,5.1,7.4,993,21.9,6.63,36250,57750,2012,55,131,117,77,56,170,1000,226,490,546,811
1698,GHAGGAR AT D/S CHHATBIR,PUNJAB,21,5.3,7.5,632,13.5,5.08,20000,34750,2012,86,117,117,47,60,179,790,124,473,309,556
1699,GHAGGAR AT U/S DHAKANSU NALLAH,PUNJAB,18,4.9,7.4,973,17.5,4.77,22000,40667,2012,87,133,117,17,54,170,992,160,465,344,634
1700,GHAGGAR AT D/S DHAKANSU NALLAH,PUNJAB,22,4.3,7.5,1156,24.5,7.65,33750,65000,2012,89,119,117,56,44,179,68,237,500,518,885
1701,GHAGGAR AT D/S JHARMAL NADI,PUNJAB,22,4.8,7.4,904,26,8.6,31750,55000,2012,90,121,117,56,50,170,957,243,505,489,791
1702,GHAGGAR AT U/S JHARMAL NADI,PUNJAB,21,5.1,7.4,1110,16,14.85,3475,12000,2012,91,135,117,47,56,170,57,148,322,529,79
1703,GHAGGAR AT MOONAK,PUNJAB,24,5.3,7.4,1290,26.9,8.1,36250,66250,2012,92,126,117,77,60,170,126,248,503,546,896
1704,GHAGGAR AT D/S SARDULGARH,PUNJAB,22,4.9,7.4,990,27.8,6.78,19000,40500,2012,93,124,117,56,54,170,999,252,492,282,633
1705,GHAGGAR AT U/S SARDULGARH,PUNJAB,22,5.2,7.4,914,20.5,6.18,14750,29500,2012,94,137,117,56,59,170,964,220,486,186,477
1718,GAGGAR RIVER WHEN ENTERING IN RAJASTHAN FROM HARYANA NEAR RD NO. 629,RAJASTHAN,33,4.8,7.5,280,2.4,0.72,3,4,2012,96,109,149,174,50,179,438,200,177,466,625
1871,"RIVER MARKANDA AT PAONTA, DISTT. SIRMOUR",HIMACHAL PRADESH,20,7.7,7.4,344,1.2,0.37,9,19,2012,105,475,56,39,135,170,530,50,106,832,280
2624,MARKANDA U/S KALA AMB,HIMACHAL PRADESH,20,7.3,7,310,1.4,0.38,13,22,2012,192,293,56,39,127,128,486,64,107,138,345
2625,MARKANDA D/S KALA AMB/ BOUNDARY OF HARYANA,HIMACHAL PRADESH,20,7.1,7.7,303,1.5,0.34,13,23,2012,193,292,56,39,119,199,475,69,96,138,369
1884,KALA AMB D/S MARKANDA RIVER,HARYANA,20,3.3,7.5,1630,185,1.75, , ,2012,106,193,55,39,30,179,227,167,285,0,0
1870,"RIVER SUKHANA AT PARWANOO, DISTT. SOLAN",HIMACHAL PRADESH,18,6.2,7.5,788,41.5,4.08,105,235,2012,104,487,56,17,79,179,891,323,449,67,378
2947,"JAWAI AT JAWAI DAM, SIROHI",RAJASTHAN,24,6,8.3,468,1.4,0.43,5,16,2012,249,185,149,77,73,244,653,64,119,661,205
1717,"KODRA DAM, MOUNT ABU",RAJASTHAN,19,5.9,7.3,234,1.5,0.36,4,12,2012,95,231,149,28,72,160,371,69,103,575,76
2948,"BANDI AT HEMAWAS DAM, PAL",RAJASTHAN,23,6.4,8,527,1.2,0.35,5,21,2012,250,29,149,65,87,232,704,50,102,661,322
2949,"RIVER LUNI AT RANAKPUR DAM, RANAKPUR, PALI",RAJASTHAN,24,5.9,7.9,796,1.5,0.48,4,14,2012,251,467,149,77,72,218,895,69,134,575,141
3305,"BANJAR AT MALANJKHAND NR W/S INTAKE POINT, JABALPUR",MADHYA PRADESH,23,7.3,7.4,388,2.1,0.58, ,46,2012,273,30,78,65,127,170,575,185,156,0,696
2869,BARAK RIVER AT SENAPATI DISTT,MANIPUR,28,8.5,7.5,166,2.7,NAN,NAN,31,2012,237,33,86,127,150,179,233,210,506,869,505
2838,"BARAK RIVER NR NONEY VILL., TAMENGLONG",MANIPUR,29,8.9,7,125,1.9,NAN,NAN,45,2012,219,34,86,145,156,128,103,95,506,869,684
2868,"CHAKPIAT CHAKPIKARONG, CHANDEL",MANIPUR,30,8,7.8,144,2.1,NAN,NAN,51,2012,236,55,86,157,142,207,181,185,506,869,748
1424,IMPHAL AT MAHABALI,MANIPUR,30,7.5,7.7,87,1.2,NAN,NAN,54,2012,37,166,86,157,130,199,935,50,506,869,774
1457,IMPHAL AT KOIRENGEI,MANIPUR,28,8.5,7.6,84,2,NAN,NAN,16,2012,51,163,86,127,150,189,920,177,506,869,205
1627,IMPHAL AT KYAMGEI,MANIPUR,29,8.4,7.5,103,1.9,NAN,NAN,75,2012,78,165,86,145,148,179,13,95,506,869,961
1628,IMPHAL AT MINUTHONG,MANIPUR,30,8.7,7.2,117,3.2,NAN,NAN,52,2012,79,168,86,157,153,150,73,259,506,869,757
2861,"IMPHAL AT KANGLA MOAT, IMPHAL WEST",MANIPUR,29,6.5,7.7,287,8.2,NAN,NAN,114,2012,229,161,86,145,91,199,447,386,506,869,59
2862,"IMPHAL AT SAMUROU, IMPHAL WEST",MANIPUR,28,8.6,7.5,130,4.6,NAN,NAN,39,2012,230,169,86,127,152,179,128,313,506,869,615
2864,"IMPHAL AT SEKMAI, IMPHAL EAST",MANIPUR,28,8.9,7.5,109,1.2,NAN,NAN,33,2012,232,170,86,127,156,179,42,50,506,869,535
2874,IRANG RIVER AT TAMENGLONG ,MANIPUR,30,9.8,8.4,246,1.2,NAN,NAN,10,2012,242,172,86,157,163,248,393,50,506,869,2
1458,IRIL AT PORAMPET,MANIPUR,28,7.6,7.5,147,1.3,NAN,NAN,30,2012,52,176,86,127,133,179,191,56,506,869,484
1624,IRIL AT LILONG,MANIPUR,29,8.7,7.6,202,1.2,NAN,NAN,60,2012,75,174,86,145,153,189,312,50,506,869,833
2863,"IRIL AT KANGLA SIPHAI, IMPHAL EAST",MANIPUR,28,8.4,7.4,177,2.4,NAN,NAN,48,2012,231,173,86,127,148,170,253,200,506,869,715
2873,"IRIL RIVER AT LILONG, UKHRUL",MANIPUR,29,8.7,7.6,203,2.5,NAN,NAN,59,2012,241,180,86,145,153,189,313,203,506,869,824
2865,"JIRI RIVER AT JIRIMUKH JIRIBAM, IMPHAL EAST",MANIPUR,32,8.2,7.4,120,1.9,NAN,NAN,46,2012,233,187,86,170,144,170,86,95,506,869,696
2866,"JIRI RIVER AT JIRI, IMPHAL EAST",MANIPUR,32,8,7.2,110,1.4,NAN,NAN,80,2012,234,186,86,170,142,150,50,64,506,869,986
1925,KHUGA RIVER (CHURACHANDPUR),MANIPUR,30,8.4,7.6,213,1.5,NAN,NAN,20,2012,111,225,86,157,148,189,333,69,506,869,301
2877,"KHUGA DAM ON KHUGA R, CHURACHANDPUR",MANIPUR,29,9.4,7.8,174,1,NAN,NAN,16,2012,245,221,86,145,161,207,250,39,506,869,205
1926,"KHUJAIROK, MOREH (CHANDEL)",MANIPUR,31,8.1,8,244,2.4,NAN,NAN,73,2012,112,229,86,167,143,232,389,200,506,869,952
2878,LOKCHAO RIVER AT BISHNUPUR,MANIPUR,29,8.1,8,162,1.8,NAN,NAN,26,2012,246,262,86,145,143,232,224,90,506,869,419
2867,MAHA RIVER AT CHANDEL,MANIPUR,30,8.7,7.6,163,2.6,NAN,NAN,24,2012,235,268,86,157,153,189,226,206,506,869,385
2852,"MANIPUR AT SEKMAIJAN, THOUBAL",MANIPUR,29,8.7,7.6,143,1.9,NAN,NAN,58,2012,220,284,86,145,153,189,176,95,506,869,814
2857,MANIPUR RIVER AT THOUBAL,MANIPUR,30,9.2,7.6,208,1.9,NAN,NAN,30,2012,225,287,86,157,159,189,325,95,506,869,484
2879,ETHAI BARRAGE ON MANIPUR R AT BISHNUPUR,MANIPUR,29,8.3,7.7,158,2,NAN,NAN,48,2012,247,104,86,145,146,199,217,177,506,869,715
1625,NAMBUL RIVER AT HUMP BRIDGE,MANIPUR,29,5.9,7.1,338,6.6,NAN,NAN,522,2012,76,330,86,145,72,141,523,363,506,869,759
1626,NAMBUL AT HEIRANGOITHONG,MANIPUR,30,4.3,7.4,269,12.3,NAN,NAN,412,2012,77,325,86,157,44,170,427,116,506,869,639
2858,"NAMBUL RIVER AT SAMUSANG,IMPHAL WEST",MANIPUR,29,8.2,7.1,109,3.3,NAN,NAN,12,2012,226,333,86,145,144,141,42,263,506,869,76
2859,"SINGDA DAM AT NAMBUL, IMPHAL WEST",MANIPUR,28,11.1,7.6,131,3.6,NAN,NAN,32,2012,227,524,86,127,16,189,133,268,506,869,523
2860,"NAMBUL AT NAOREMTHONG, IMPHAL WEST",MANIPUR,29,7.4,7.1,116,2.7,NAN,NAN,55,2012,228,326,86,145,129,141,69,210,506,869,788
2880,NAMBUL RIVER AT BISHNUPUR,MANIPUR,28,8.2,7.6,112,2.1,NAN,NAN,31,2012,248,328,86,127,144,189,60,185,506,869,505
1927,"SEKMAI R, KAKCHING (THOUBAL)",MANIPUR,29,8.5,7.5,169,3.6,NAN,NAN,41,2012,113,520,86,145,150,179,240,268,506,869,638
2853,"MAPITHEL DAM ON THOUBAL, THOUBAL",MANIPUR,28,11.4,7.2,128,1,NAN,NAN,20,2012,221,289,86,127,17,150,117,39,506,869,301
2854,"THOUBAL R AT PHADOM, THOUBAL",MANIPUR,29,8.9,7.6,221,1.7,NAN,NAN,30,2012,222,575,86,145,156,189,350,81,506,869,484
2856,"THOUBAL RIVER AT YAIRIPOK, THOUBAL",MANIPUR,30,9.3,7.6,193,2.3,NAN,NAN,41,2012,224,581,86,157,160,189,296,197,506,869,638
2870,"THOUBAL  AT SHONG KONG, UKHRUL",MANIPUR,28,9.1,7.3,217,3.9,NAN,NAN,67,2012,238,572,86,127,158,160,345,277,506,869,901
2871,"THOUBAL  AT YONGUL KONG, UKHRUL",MANIPUR,28,7.9,7.3,131,0.8,NAN,NAN,38,2012,239,573,86,127,139,160,133,25,506,869,602
2872,"THOUBAL AT LITAN, UKHRUL",MANIPUR,29,8.7,7.4,176,2.2,NAN,NAN,36,2012,240,574,86,145,153,170,252,192,506,869,579
2855,"WANGJING AT HEIROK, THOUBAL",MANIPUR,30,8.1,7.3,199,2.2,NAN,NAN,56,2012,223,659,86,157,143,160,306,192,506,869,797
2876,"WANGJING RIVER AT WANGJING, THOUBAL",MANIPUR,30,8.2,7.4,170,2.2,NAN,NAN,39,2012,244,662,86,157,144,170,244,192,506,869,615
3383,"BUGI RIVER AT MIBANPARA, SOUTH GARO HILLS",MEGHALAYA,25,7.7,7.2,95,1.8,2.67,22,50,2012,307,53,88,85,135,150,979,90,386,341,735
3384,"BUGI AT DALU, SOUTH GARO HILLS",MEGHALAYA,25,7.6,7.2,92,2.5,2.41,20,45,2012,308,51,88,85,133,150,966,203,370,306,684
3380,"DAMRING RIVER (KRISHNEI RIVER) AT RESUBELPARA, EAST GARO HILLS",MEGHALAYA,25,9.9,7.2,65,1.5,2.31,21,55,2012,304,101,88,85,164,150,802,69,366,323,788
1632,GANOL RIVER TURA,MEGHALAYA,24,7.6,7.4,93,2.1,2.89,276,408,2012,81,111,88,77,133,170,971,185,395,428,636
1428,"KYRHUKHLA NR SUTNGA KHLIERIAT,JAINTIA HILLS ",MEGHALAYA,22,5.5,2.9,568,6.8,1.12,18,33,2012,39,260,88,56,65,28,737,367,231,261,535
3369,"KYNSHI RIVER AT SOHIONG, WEST KHASI HILLS",MEGHALAYA,16,7.6,7,42,1.3,3.01,11,27,2012,293,256,88,6,133,128,609,56,405,81,429
3370,"KYNSHI  AT NANGKHNUM, WEST KHASI HILLS",MEGHALAYA,17,7.7,7.1,45,1.4,2.89,9,22,2012,294,253,88,8,135,141,636,64,395,832,345
3371,"KYNSHI RIVER AT RANIKOR, WEST KHASI HILLS",MEGHALAYA,23,8.3,7,59,1.7,2.86,16,33,2012,295,255,88,65,146,128,747,81,393,214,535
3375,LUKHA RIVER AT MYNDIHATI (TRIBUTARY OF LUNAR),MEGHALAYA,25,6.9,2.6,1072,3.2,1.17,3,21,2012,299,265,88,85,109,26,34,259,234,466,322
3376,LUKHA RIVER AT SUNAPUR (TRIBUTARY OF LUNAR),MEGHALAYA,25,7.7,6.3,250,2.1,3.88,180,326,2012,300,266,88,85,135,78,399,185,442,262,529
3381,"MANDA RIVER (DUDHAI RIVER) AT JAMPA, EAST GARO HILLS",MEGHALAYA,25,8.8,7.3,37,1.5,1.62,15,35,2012,305,271,88,85,154,160,557,69,275,191,560
3382,"MANDA RIVER (DUDHAI RIVER) AT WAGAISI, EAST GARO HILLS",MEGHALAYA,25,7.3,7.3,72,2,1.65,17,36,2012,306,272,88,85,127,160,849,177,276,242,579
3377,"MYNTANG RIVER AT NARTIANG, JAYANTIA HILLS",MEGHALAYA,20,7.5,7,38,1.7,2.2,18,40,2012,301,309,88,39,130,128,567,81,360,261,626
3378,"MYNTANG RIVER AT MYNSO, JAYANTIA HILLS",MEGHALAYA,22,7.8,7.1,44,1.6,2.62,15,33,2012,302,308,88,56,137,141,627,74,383,191,535
1631,MYNTDU RIVER JOWAI,MEGHALAYA,20,7,7,100,2.4,3.03,1967,2600,2012,80,311,88,39,114,128,1,200,407,298,420
3379,"MYNTDU RIVER AT LESHKA, JAYANTIA HILLS",MEGHALAYA,21,7.5,6.3,52,1.7,0.82,7,21,2012,303,310,88,47,130,78,702,81,193,758,322
3367,"NONBAH RIVER AT NANGSTOIN MARKE, WEST KHASI HILLS",MEGHALAYA,16,6.4,6.9,61,2.6,3.88,227,538,2012,291,341,88,6,87,114,775,206,442,357,772
3368,"NONBAH RIVER AT NANGSTOIN MARKE, WEST KHASI HILLS",MEGHALAYA,17,7.5,7.1,39,1.4,2.88,12,22,2012,292,341,88,8,130,141,577,64,394,105,345
3372,"RILANG AT MAWKYRWAT, WEST KHASI HILLS",MEGHALAYA,17,8,7.1,41,1.4,3.35,10,25,2012,296,441,88,8,142,141,599,64,423,52,401
1633,SIMSANG RIVER WILLIAMNAGAR,MEGHALAYA,24,7.9,7.3,93,1.7,5.02,295,418,2012,82,522,88,77,139,160,971,81,471,457,644
3353,"UMIAM MAWPHLANG RIVER AT NONGKREM, EAST KHASI HILLS",MEGHALAYA,18,7.5,6.9,69,1.9,4.92,20,49,2012,277,606,88,17,130,114,822,95,469,306,722
3354,"UMIAM MAWPHLANG RIVER AT UMTYNGNGAR, EAST KHASI HILLS",MEGHALAYA,18,7.9,7.2,46,1.7,2.72,20,45,2012,278,608,88,17,139,150,645,81,388,306,684
3355,"UMIAM MAWPHLANG RIVER AT MAWPHLANG, EAST KHASI HILLS",MEGHALAYA,18,8,7.2,42,1.4,2.47,5,31,2012,279,605,88,17,142,150,609,64,374,661,505
3356,"UMIAM MAWPHLANG RIVER AT SHELLA, EAST KHASI HILLS",MEGHALAYA,25,7.7,7.1,101,1.5,3.42,16,43,2012,280,607,88,85,135,141,5,69,427,214,658
3350,UMKHEN AT WAHKDAIT,MEGHALAYA,19,7.2,7.1,49,1.6,2.86,17,40,2012,274,611,88,28,124,141,666,74,393,242,626
3351,UMKHEN AT KSEHPONGDENG,MEGHALAYA,21,8.2,7.1,49,1.2,2.81,15,32,2012,275,610,88,47,144,141,666,50,391,191,523
3352,"UMKHEN AT DIENGPASOH, EAST KHASI HILLS",MEGHALAYA,21,7.8,7.1,58,1.5,2.97,19,43,2012,276,609,88,47,137,141,742,69,398,279,658
3359,"UMKHRAH RIVER AT DEMTHRING, SHILLONG",MEGHALAYA,18,3.9,7.1,235,16.9,16.61,16500,23000,2012,283,613,88,17,37,141,372,154,331,230,372
3360,"UMKHRAH RIVER ATUMKALIAR, SHILLONG",MEGHALAYA,18,4.9,7.1,182,14.2,11.61,10417,15500,2012,284,616,88,17,54,141,265,131,312,64,191
3361,"UMKHRAH RIVER ATMAWLAI, SLAUGHTER",MEGHALAYA,19,2.7,7.1,281,35.4,14.84,41000,62667,2012,285,615,88,28,23,141,441,289,321,589,861
3362,"UMKHRAH RIVER AT MAWPDANG, MAWLAI",MEGHALAYA,19,2.5,7.1,382,37.2,11.81,53083,87167,2012,286,614,88,28,22,141,569,294,313,683,1027
3357,"UMNGOT RIVER AT SMIT, EAST KHASI HILLS",MEGHALAYA,18,8,7,48,1.4,3.8,17,41,2012,281,618,88,17,142,128,660,64,440,242,638
3358,"UMNGOT RIVER AT DAWKI, EAST KHASI HILLS",MEGHALAYA,24,8.4,7.1,48,1.2,3.08,18,45,2012,282,617,88,77,148,141,660,50,412,261,684
3363,"UMSHYRPI AT RISA COLONY, EAST KHASI HILLS",MEGHALAYA,17,6.8,6.6,49,1.9,3.07,18,38,2012,287,620,88,8,105,92,666,95,410,261,602
3364,"UMSHYRPI  AT LAW COLLEGE, DHANKETI, EAST KHASI HILLS",MEGHALAYA,18,2.1,7,286,45.6,10.61,51250,84500,2012,288,619,88,17,19,128,445,328,308,672,1018
3365,"UMSHYRPI AT UMSHYRPI BDG, EAST KHASI HILLS",MEGHALAYA,19,4,7.1,194,22.4,10.47,29500,45250,2012,289,621,88,28,38,141,297,229,306,459,689
1427,UMTREW AT BYRNIHAT EAST,MEGHALAYA,24,7.7,7.2,107,6.6,3.02,285,425,2012,38,625,88,77,135,150,32,363,406,442,650
3366,"UMTREW RIVER AT UMRAN, RINAN BHOI",MEGHALAYA,22,7.6,7.1,51,2,2.6,37,81,2012,290,627,88,56,133,141,693,177,381,547,993
3373,"WAH BLEI AT RIANGDO, WEST KHASI HILLS",MEGHALAYA,20,7.7,7.1,46,1.6,3.93,8,22,2012,297,657,88,39,135,141,645,74,446,798,345
3374,"WAH BLEI AT SHDADDKHAR, WEST KHASI HILLS",MEGHALAYA,20,7.7,7.1,49,1.9,3.89,11,26,2012,298,658,88,39,135,141,666,95,443,81,419
2050,TLAWNG UPSTREAM AIZAWL,MIZORAM,24,6.5,7.4,297,1,0.13,26,438,2012,120,584,92,77,91,170,461,39,20,406,672
2051,TLAWNG DOWNSTREAM AIZAWL,MIZORAM,24,6.3,7.5,287,0.9,0.14,5,204,2012,121,582,92,77,84,179,447,30,23,661,311
2052,TUIRIAL UPPER CATCHMENT,MIZORAM,24,6.5,7.2,375,1.1,0.17,33,625,2012,122,590,92,77,91,150,562,46,38,507,857
2053,TUIRIAL LOWER CATCHMENT,MIZORAM,24,6.9,6.9,349,1.1,0.18,38,503,2012,123,588,92,77,109,114,536,46,40,554,740
1393,DAMANGANGA AT D/S OF MADHUBAN,DAMAN & DIU,29.1,6.7,7.7,218,5,1.31,NAN,NAN,2011,32,82,21,147,100,199,346,332,248,869,1094
2459,DAMANGANGA AT ZUARI CAUSE WAY BRIDGE,"DAMAN, DIU, DADRA NAGAR HAVELI",27,4.2,7.9,4909,18,7,NAN,NAN,2011,184,99,22,111,43,218,669,162,495,869,1094
2460,DAMANGANGA AT DISCHARGE POINT OF DISTILLERY,"DAMAN, DIU, DADRA NAGAR HAVELI",28.1,4.6,8,23576,158.8,6.88,35,46,2011,185,86,22,128,48,232,373,147,494,533,696
2461,"DAMANGANGA AT DAMAN JETTY, MOTI DAMAN","DAMAN, DIU, DADRA NAGAR HAVELI",29.1,4.8,7.8,65700,164,3.42,NAN,NAN,2011,186,84,22,147,50,207,807,155,427,869,1094
2462,"DAMANGANGA AT VAPI WEIR,VAPI","DAMAN, DIU, DADRA NAGAR HAVELI",27.7,6.7,8.5,235,NAN,3.1,NAN,NAN,2011,187,96,22,121,100,249,372,407,413,869,1094
2463,"DAMANGANGA AT LAVACHA TEMPLE, SILVASSA","DAMAN, DIU, DADRA NAGAR HAVELI",27.1,6.7,8.3,262,NAN,NAN,NAN,NAN,2011,188,93,22,112,100,244,417,407,506,869,1094
2464,"DAMANGANGA AT D/S OF M/S SURAT BEVERAGES, VILLAGE DADRA, SILVASSA","DAMAN, DIU, DADRA NAGAR HAVELI",27.1,6.8,7.8,227,NAN,NAN,NAN,NAN,2011,189,81,22,112,105,207,359,407,506,869,1094
2465,"DAMANGANGA AT NAROLI BRIDGE, SILVASSA","DAMAN, DIU, DADRA NAGAR HAVELI",27.3,6.8,8.5,249,NAN,0.11,NAN,NAN,2011,190,94,22,116,105,249,397,407,15,869,1094
2466,"DAMANGANGA AT VILLAGE NAMDHA, VAPI","DAMAN, DIU, DADRA NAGAR HAVELI",27,4.2,8.2,2754,42,NAN,NAN,NAN,2011,191,97,22,111,43,242,433,324,506,869,1094
1150,DAMANGANGA AT KACHIGAON U\S AT GIDC WIER,GUJARAT,27.6,7.1,7.3,212,1.4,0.84,3,6,2011,9,90,52,120,119,160,331,64,197,466,832
1246,DAMANGANGA AT KACHIGAON D\S (DAMAN),GUJARAT,28.2,5,8.3,12771,4.1,1.48,7,30,2011,21,87,52,130,55,244,116,301,262,758,484
1860,BALEHWAR KHADI AT N.H. NO. 8,GUJARAT,28,6.7,8,304,1.5,0.18,1500,3550,2011,100,28,52,127,100,232,476,69,40,193,569
1861,PURNA ON BRIDGE AT SURATNANNAVSARI HIGHWAY,GUJARAT,28.5,5.8,7.7,1315,2.5,0.22,1900,6800,2011,101,390,52,135,70,199,137,203,56,281,909
1862,KAVERI ON BRIDGE AT BILLIMORANANVALSAD ROAD,GUJARAT,29.5,5.9,7.6,36593,3.9,0.07,1200,3200,2011,102,215,52,151,72,189,552,277,8,106,524
1865,DHADAR AT KOTHADA,GUJARAT,27,7.6,7.7,1291,10,0.34,23,77,2011,103,102,52,111,133,199,127,98,96,362,969
1148,AMBIKA AT BILIMORA,GUJARAT,29.5,6,7.7,18865,3.6,3.12,900,2450,2011,7,13,52,151,73,199,286,268,414,834,394
1435,"KOLAK AT RAILWAY BRIDGE NO. 313 VAPI,VALSAD",GUJARAT,27,4.3,8.4,605,6.5,1.68,5,15,2011,41,237,52,111,44,248,771,362,280,661,172
1149,KOLAK AT PATALIA BDG.,GUJARAT,26.7,3.7,8.2,600,4.3,1.66,6,20,2011,8,235,52,106,35,242,765,306,277,714,301
1438,MINDHOLA AT STATE HIGHWAY BRIDGE SACHIN,GUJARAT,27,4.6,7.2,729,4,0.33,900,2300,2011,43,296,52,111,48,150,853,297,92,834,371
2082,"TRIVENI SANGAM, NR. SOMNATH TEMPLE, VERAVAL, DIST. JUNAGADH.",GUJARAT,26.8,6.2,8.4,2670,1.3,0.24,NAN,NAN,2011,125,587,52,109,79,248,425,56,66,869,1094
1399,"ZUARI AT D/S OF PT. WHERE KUMBARJRIA CANAL JOINS, GOA",GOA,28.7,6.8,6.5,43,1.1,0.42,8,178,2011,33,664,51,139,105,84,620,46,118,798,252
1475,ZUARI AT PANCHAWADI,GOA,29.3,6.6,7,59,1.1,0.27,8,113,2011,56,665,51,149,95,128,747,46,75,798,55
1400,"MANDOVI AT NEGHBOURHOOD OF PANAJI, GOA",GOA,28.8,6,6.2,106,1.5,0.28,9,166,2011,34,275,51,142,73,77,26,69,79,832,223
1476,"MANDOVI AT TONCA, MARCELA, GOA",GOA,28.3,5.9,6.6,516,1.1,0.18,8,169,2011,57,277,51,133,72,92,699,46,40,798,230
1543,RIVER KALNA AT CHANDELNAN PERNEM,GOA,25.8,7.3,6.1,87,0.9,0.33,6,169,2011,58,458,51,94,127,75,935,30,92,714,230
1548,RIVER ASSONORA AT ASSONORA,GOA,28.3,7.3,5.9,74,1.5,0.22,8,163,2011,63,444,51,133,127,65,860,69,56,798,214
2276,RIVER BICHOLIM VARAZAN NAGAR,GOA,27.8,6.7,6.3,127,2,0.44,10,149,2011,138,450,51,125,100,78,112,177,121,52,170
2275,"RIVER CHAPORA NEAR ALORNA FORT ,PERNEM",GOA,26,6.8,6.2,226,1.6,0.18,9,151,2011,137,453,51,96,105,77,358,74,40,832,177
1546,RIVER KHANDEPAR AT OPA NAN PONDA,GOA,27.8,7.1,5.9,93,1.8,0.28,9,131,2011,61,464,51,125,119,65,971,90,79,832,115
2270,"RIVER KHANDEPAR AT CODLI NEAR BRIDGE ,U/S OPA WATERWORKS,SANGUEM",GOA,26.3,7.4,6.2,76,1.3,0.41,11,133,2011,132,463,51,100,129,77,875,56,115,81,120
2272,"RIVER KUSHAWATI NEAR BUND AT KEVONA,RIVON,SANGUEM",GOA,25.7,7.3,6.2,113,1.2,0.33,9,137,2011,134,466,51,93,127,77,61,50,92,832,134
1545,RIVER MADAI AT DABOS NAN  VALPOI,GOA,29,7.3,5.9,100,1.3,0.27,6,173,2011,60,469,51,145,127,65,1,56,75,714,240
2274,RIVER MAPUSA ON CULVERT ON HIGHWAY MAPUSANANPANAJI,GOA,26.9,6,5.9,273,1.8,0.31,10,171,2011,136,474,51,110,73,65,430,90,88,52,236
2271,"RIVER SAL PAZORKHONI, CUNCOLIM (NEAR CULVERT MARGAONAN CANACONA NATIONAL HIGHWAY)",GOA,27,6.1,6.5,201,2,0.43,9,149,2011,133,483,51,111,77,84,309,177,119,832,170
2273,"RIVER SAL NEAR HOTEL LEELA MOBOR,CAVELOSSIM",GOA,27.5,6.2,6.3,245,1.8,0.31,7,135,2011,135,482,51,119,79,78,390,90,88,758,126
1547,RIVER TALPONA AT CANACONA,GOA,28.3,7,6.5,75,0.9,0.22,7,166,2011,62,489,51,133,114,84,868,30,56,758,223
1544,"VALVANT AT SANKLI NAN BICHOLIM, GOA",GOA,29,7.3,6,74,1.6,0.11,8,181,2011,59,637,51,145,127,73,860,74,15,798,260
2651,"AMBA RIVER AT D/S OF WAKEN BRIDGENANU/S OF JS PETRO CHEMICALS, WAKENPHATA, ROHA",MAHARASHTRA,28.2,7.1,7.9,108,3.3,0.42,65,137,2011,194,11,79,130,119,218,37,263,118,741,134
1461,"BHATSA AT D/S OF PISE DAM NR PISE VILL (ULHAS), MAHARASHTRA",MAHARASHTRA,NAN,7.1,7.7,111,4.4,0.32,NAN,NAN,2011,53,42,79,178,119,199,56,309,90,869,1094
2653,"BHATSA RIVER AT D/S OF LIBERTY OIL MILLS, SATNEL, SHAHAPUR, THANE",MAHARASHTRA,27.4,7,8,129,3.5,0.49,40,105,2011,195,44,79,117,114,232,125,265,135,576,20
2654,"BHATSA RIVER AT U/S OF LIBERTY OIL MILLS, SATNEL, SHAHAPUR, THANE",MAHARASHTRA,27.3,7,8,130,3.3,0.46,33,93,2011,196,45,79,116,114,232,128,263,130,507,1058
1092,"KALU AT ATALE VILLAGE, MAHARASHTRA",MAHARASHTRA,28.5,5.7,7.4,2323,6.3,1.47,400,541,2011,4,206,79,135,69,170,368,360,261,577,779
2670,"KAN RIVER NEAR SAKRI WATER WORKS, SAKRI, DHULE",MAHARASHTRA,28.4,5.9,7.6,462,4.9,2.47,23,63,2011,197,208,79,134,72,189,649,318,374,362,862
1152,"KUNDALIKA AT ROHA CITY, MAHARASHTRA",MAHARASHTRA,28.4,7,7.7,107,3.8,0.4,131,285,2011,11,244,79,134,114,199,32,274,113,143,459
2198,KUNDALIKA RIVER AT ARE KHURD ( SALINE ZONE ),MAHARASHTRA,28.9,6.2,7.4,299,5.1,0.95,209,401,2011,130,246,79,144,79,170,462,334,211,322,629
2671,"KUNDALIKA RIVER NEAR SALAV BRIDGE (SALINA ZONE), SALAV, ROHA, RAIGAD",MAHARASHTRA,28.2,5.9,7.8,33259,6.8,1.61,114,228,2011,198,249,79,130,72,207,516,367,274,92,366
2672,"KUNDALIKA RIVER AT DHATAV AT JACKWELL, DHATAV, ROHA, RAIGAD",MAHARASHTRA,28.9,7.2,7.9,77,3.2,0.42,164,282,2011,199,248,79,144,124,218,881,259,118,226,452
2168,MITHI RIVER,MAHARASHTRA,27,3.2,7.4,28018,46,1.67,908,1164,2011,129,300,79,111,29,170,440,330,279,837,65
2676,"MUCHKUNDI RIVER AT WAKED NEAR M/S ASAHI INDIA GLASS LTD, WAKED, LANJA, RATNAGIRI",MAHARASHTRA,27.9,6.8,7.8,350,2.6,1.99,2,72,2011,200,304,79,126,105,207,538,206,302,304,945
1151,"PATALGANGA AT SHILPHATA, MAHARASHTRA",MAHARASHTRA,26.8,6.9,7.5,133,3.2,0.55,252,409,2011,10,359,79,109,109,179,142,259,150,398,637
1462,"PATALGANGA NEAR INTAKE OF MIDC W/W, MAHARASHTRA",MAHARASHTRA,27.2,6.9,7.5,143,3.4,0.54,149,307,2011,54,362,79,113,109,179,176,264,149,190,501
2685,"PATALGANGA RIVER AT D/S OF KHARPADA BRIDGE, KHARPADA, KHALAPUR, RAIGAD",MAHARASHTRA,26.8,6.1,6.9,609,4.2,3.1,65,135,2011,201,363,79,109,77,114,774,304,413,741,126
2686,"PATALGANGA RIVER AT VYAL PUMP HOUSE, VYAL, KHALAPUR, RAIGAD",MAHARASHTRA,26.9,6.8,7.4,129,3.2,0.86,51,133,2011,202,372,79,110,105,170,125,259,200,669,120
2687,"PATALGANGA RIVER AT KHALAPUR PUMPING STATION, KHALAPUR, RAIGAD",MAHARASHTRA,26.8,6.7,7.4,130,3.2,0.75,45,124,2011,203,367,79,109,100,170,128,259,182,622,90
2688,"PATALGANGA RIVER AT SAVROLI BRIDGE, KHALAPUR. RAIGAD",MAHARASHTRA,26.9,6.6,7.4,130,5,0.74,67,158,2011,204,370,79,110,95,170,128,332,179,747,200
2689,"PATALGANGA RIVER AT GAGANGIRI MAHARAJ TEMPLE, KHOPOLI, KHALAPUR, RAIGAD",MAHARASHTRA,26.9,6.7,7.5,120,3.6,0.73,85,226,2011,205,365,79,110,100,179,86,268,178,817,361
2696,"PEHLAR DAM ON PEHLAR R. INLET OF WATER WORKS, VASAI, THANE.",MAHARASHTRA,26.2,7.1,7.9,139,3.2,0.45,74,147,2011,206,376,79,98,119,218,160,259,125,777,162
2199,SAVITRI RIVER AT OVALE VILLAGE.,MAHARASHTRA,27.4,6,7.4,13925,59.1,3.08,4,116,2011,131,517,79,117,73,170,162,355,412,575,63
2701,"SAVITRI JACKWELL AT UPSA KENDRE, NANGALWADI, MAHAD, RAIGAD",MAHARASHTRA,26.4,6.7,7.7,274,2.3,2.04,5,88,2011,207,513,79,102,100,199,431,197,349,661,1029
2702,"SAVITRI AT SHEDAV DOH,,RAIGAD",MAHARASHTRA,26.7,6.3,7.9,326,2.5,2.32,2,71,2011,208,512,79,106,84,218,508,203,367,304,937
2703,SAVITRI RIVER AT DADLI BRIDGE,MAHARASHTRA,27.3,6.3,7.9,7392,2.4,6.41,4,71,2011,209,514,79,116,84,218,859,200,488,575,937
2704,"SAVITRI RIVER AT MUTHAVALI VILLAGE, MAHAD, RAIGADH",MAHARASHTRA,27.4,6.3,7.7,12051,4.4,5.37,4,102,2011,210,516,79,117,84,199,88,309,476,575,11
2706,"SURYA RIVER, U/S OF SURYA DAM, DHAMMI, VIKRAMGAD, THANE",MAHARASHTRA,27.6,7,8.3,162,3.8,0.48,44,90,2011,211,533,79,120,114,244,224,274,134,612,1042
2707,"SURYA RIVER AT MIDC PUMPING STN, GARVASHET, PALGHAR, THANE",MAHARASHTRA,27.5,7,8.3,212,3.6,0.44,47,90,2011,212,532,79,119,114,244,331,268,121,638,1042
2708,"SURYA AT INTAKE OF VASAINANVIRAR W/S SCHEME, MASVAN, PALGHAR",MAHARASHTRA,27.5,7.1,8.3,227,3.2,0.48,67,124,2011,213,527,79,119,119,244,359,259,134,747,90
2709,"TANSA RIVER NEAR ROAD BRIDGE, VILLAGE DAKEWALI, WADA, THANE",MAHARASHTRA,26.9,6.8,8.2,314,4.3,0.45,28,69,2011,214,565,79,110,105,242,494,306,125,433,920
1093,"ULHAS AT U/S OF NRC BUND AT MOHANE, MAHARASHTRA",MAHARASHTRA,25.9,6.8,7.8,151,3.4,0.5,601,740,2011,5,600,79,95,105,207,200,264,137,717,959
1094,ULHAS AT U/S OF BADLAPUR,MAHARASHTRA,25.9,7,7.8,123,3.4,0.44,42,100,2011,6,597,79,95,114,207,96,264,121,596,3
2162,ULHAS ATJAMBHUL WATER WORKS.,MAHARASHTRA,26,6.9,7.8,139,3.3,0.76,85,169,2011,127,603,79,96,109,207,160,263,184,817,230
2712,"VAITARNA NEAR ROAD BRIDGE, GANDHARE VILLAGE, WADA, THANE",MAHARASHTRA,26.9,6.8,8.2,313,4,0.49,49,99,2011,215,629,79,110,105,242,492,297,135,654,1088
2164,VASHISTI AT U/S OF THREE M PAPER MILLS NEAR M/S MULTIFILMS PLASTIC PVT. LTD. AT KHERDI.,MAHARASHTRA,24.8,6.7,7.8,215,2.5,0.83,2,51,2011,128,652,79,83,100,207,339,203,195,304,748
2713,"VASHISTI AT D/S OF THREE M PAPER MILLS NEAR CHIPLUN WATER INTAKE JACKWELL AT KHERDI, RATNAGIRI. ",MAHARASHTRA,26.2,6.7,7.8,204,2.5,0.77,2,68,2011,216,650,79,98,100,207,316,203,185,304,907
2714,VASHISTI AT U/S OF POPHALI NR KONPHANSAWANE BRIDGE,MAHARASHTRA,25.3,6.9,7.7,205,2.2,0.93,2,55,2011,217,651,79,88,109,199,320,192,209,304,788
1342,ACHENKOIL AT THUMPAMON,KERALA,26.6,7.1,6.9,72,0.5,0.25,278,641,2011,30,5,66,104,119,114,849,12,68,431,876
1443,ACHENKOIL AT CHENNITHULA,KERALA,26.8,6.6,6.9,70,0.9,0.49,223,495,2011,45,0,66,109,95,114,839,30,135,350,727
2297,R ANCHARAKANDY AT MERUVAMBA,KERALA,26.6,6.9,7.1,52,0.8,0.18,46,520,2011,152,392,66,104,109,141,702,25,40,631,758
2319,R ANCHARAKANDY AT MERUVAMBA,KERALA,26.8,7.2,7,830,0.8,0.16,94,654,2011,163,392,66,109,124,128,916,25,32,845,887
2286,R AYROOR AT AYROOR BRIDGE,KERALA,29.3,6.3,6.9,95,1.3,0.99,750,1325,2011,141,393,66,149,84,114,979,56,218,780,119
2331,R BHARATHAPUZHA AT KUTTIPPURAM,KERALA,25.4,7.2,7.4,164,0.9,0.46,1325,2225,2011,165,394,66,89,124,170,229,30,130,147,353
2332,R BHARATHAPUZHA AT PATTAMBI,KERALA,25.5,6.9,7.5,231,0.8,0.55,1000,1725,2011,166,395,66,90,109,179,365,25,150,54,239
1154,CHALAKUDY AT PULICKALKANANDAVU,KERALA,26.6,6.5,6.9,101,1.3,0.47,468,1127,2011,12,56,66,104,91,114,5,56,131,635,53
20,"CHALIYAR AT KOOLIMADU, KERALA",KERALA,24.7,7.1,7.1,64,0.6,0.4,283,646,2011,116,62,66,82,119,141,797,17,113,440,880
21,CHALIYAR AT CHUNGAPALLY,KERALA,24.8,7.1,7.1,4600,0.6,0.35,229,538,2011,126,58,66,83,119,141,646,17,102,361,772
1572,CHANDRAGIRI AT PADIYATHADKA,KERALA,28,7.5,7.2,52,0.6,0.15,285,900,2011,73,64,66,127,130,150,702,17,27,442,1043
1573,CHITTHRAPUZHA AT IRUMPANAM,KERALA,27.4,2,6.8,265,2.4,2.3,1525,5425,2011,74,70,66,117,18,108,421,200,365,199,781
2295,R CORAPUZHA AT KANAYANKODE,KERALA,26,5.6,7,12769,1.2,0.41,725,1650,2011,150,396,66,96,67,128,115,50,115,772,220
1564,"ITHIKKARA AT AYUR, KERALA",KERALA,27.4,7.1,7,90,0.6,0.64,338,625,2011,65,184,66,117,119,128,955,17,167,519,857
2287,R ITHIKKARA AT ITHIKKARA,KERALA,26.5,6.1,7,248,0.8,0.66,500,1150,2011,142,398,66,103,77,128,396,25,170,663,62
1566,KADALUNDY AT THIRURANGADY,KERALA,28.4,6,7,94,1.1,0.13,183,370,2011,67,189,66,134,73,128,977,46,20,269,590
2293,R KADALUNDI AT HAJIRAPPALLY,KERALA,28.8,6.5,7.5,76,0.8,0.08,275,585,2011,148,399,66,142,91,179,875,25,9,427,818
2337,R KADAMBAYAR AT BRAHMAPURAM,KERALA,26.7,1.5,6.6,192,3.6,0.92,881,2978,2011,171,402,66,106,11,92,294,268,207,829,481
2338,R KADAMBAYAR AT MANCKAKADAVU,KERALA,26.4,2,6.8,79,2.4,0.2,456,1275,2011,172,403,66,102,18,108,892,200,48,627,103
42,"KALLADA AT PERUMTHOTTAM KADAVU, PUNALOOR, KERALA",KERALA,26.5,7.2,7.1,52,0.6,0.15,298,687,2011,318,201,66,103,124,141,702,17,27,462,917
2294,R KALLAI AT KALLAI BRIDGE,KERALA,25.5,4,7.5,25964,1.1,0.76,945,1588,2011,149,404,66,90,38,179,414,46,184,848,203
1571,KARINGODE AT KAKKADAVU,KERALA,28,7.2,7.3,54,0.9,0.25,330,610,2011,72,213,66,127,124,160,716,30,68,508,846
1155,KARAMANA AT MOONNATTUMUKKU,KERALA,28,0.8,7.1,1239,11.9,1.87,4250,11000,2011,13,210,66,127,5,141,100,113,294,601,44
2289,R KARUVANNURR AT KARUVANNUR BRIDGE,KERALA,27.9,6.4,6.5,58,1.3,0.34,255,960,2011,144,408,66,126,87,84,742,56,96,402,1077
2301,R KAVVAI AT KUTTIYOL PALAM,KERALA,28.1,6.3,6.8,77,1.2,0.16,73,208,2011,156,409,66,128,84,108,881,50,32,773,319
2291,R KEECHERI AT VADAKKANCHERY BRIDGE,KERALA,28.6,5.4,6.6,80,1.6,0.27,335,775,2011,146,410,66,137,62,92,899,74,75,515,972
2326,R KORAYAR AT KANJIKODE,KERALA,25.3,5.8,7.8,666,1,0.24,993,1650,2011,164,411,66,88,70,207,811,39,66,868,220
1569,R KUPPAM AT THALIPARAMBA,KERALA,28.3,6.6,7.2,12768,1.1,0.13,88,1412,2011,70,413,66,133,95,150,114,46,20,828,148
2298,R KUPPAM AT RAYAROM,KERALA,26.1,7.7,7.2,44,1,0.28,29,148,2011,153,412,66,97,135,150,627,39,79,451,165
1567,R KUTTIYADY AT  KUTTIYADY ESTATE,KERALA,24.3,7.1,7,27,0.4,0.11,73,218,2011,68,417,66,78,119,128,428,6,15,773,342
1568,"R MAHE AT VALAYAM, KERALA",KERALA,26,7.3,7.2,59,0.6,0.19,160,465,2011,69,418,66,96,127,150,747,17,43,215,704
2285,R MAMOM AT MAMOM BRIDGE,KERALA,28.5,7.8,7.1,119,0.7,0.87,875,1725,2011,140,419,66,135,137,141,80,23,201,826,239
1340,"MANIMALA  AT KALLOOPARA,",KERALA,26.6,7.3,7.1,54,1.3,0.41,415,913,2011,28,280,66,104,127,141,716,56,115,592,1050
1384,"MANIMALA AT THONDRA, KERALA",KERALA,26.8,7,6.6,104,1.5,0.49,500,1000,2011,31,283,66,109,114,92,19,69,135,663,4
2307,R MANJESWAR AT BAJRAKKARA BR.,KERALA,28,6,7.2,92,0.7,0.38,765,1390,2011,162,420,66,127,73,150,966,23,107,785,140
1339,"MEENACHIL AT KIDANGOOR, KERALA",KERALA,26.2,6.8,6.6,48,0.5,0.44,1225,2025,2011,27,295,66,98,105,92,660,12,121,113,309
2304,R MOGRAL AT MOGRAL BR.,KERALA,28.5,5.6,7.1,20455,0.6,0.58,433,675,2011,159,421,66,135,67,141,319,17,156,610,904
43,"MUVATTAPUZHA AT VETTIKKATTUMUKKU, KERALA",KERALA,26.5,7,7,56,1.1,0.43,768,1725,2011,319,307,66,103,114,128,732,46,119,786,239
2302,R NEELASWARAM AT NAMBIARKAL DAM,KERALA,29.3,6.7,6.9,2531,0.5,0.22,308,465,2011,157,423,66,149,100,114,406,12,56,480,704
1570,R NEELASWARAM AT HOSDURG,KERALA,29.3,6.2,7.2,15362,0.8,0.39,830,1303,2011,71,422,66,149,79,150,208,25,110,811,113
1563,"R NEYYAR AT AMARAVILA, KERALA",KERALA,27,7.3,7.2,62,0.8,0.95,525,985,2011,64,427,66,111,127,150,781,25,211,680,1087
2284,R NEYYAR AT ARUVIPURAM,KERALA,27.3,7.6,7.2,59,0.6,0.65,463,1163,2011,139,428,66,116,133,150,747,17,168,632,64
2288,R PALLICKAL AT NELLIMUKAL,KERALA,27.9,6.4,6.8,83,0.5,0.42,175,575,2011,143,429,66,126,87,108,915,12,118,252,808
1156,"PAMBA AT CHENGANNUR, KERALA",KERALA,27.8,7,6.6,50,0.6,0.75,295,578,2011,14,348,66,125,114,92,685,17,182,457,812
1341,"PAMBA AT THAKAZHY, KERALA",KERALA,27.8,6.7,6.8,76,1.2,1.21,310,625,2011,29,351,66,125,100,108,875,50,237,483,857
1565,"PAMBA DOWN, KERALA",KERALA,28.3,6.7,6.6,64,0.9,1.35,428,838,2011,66,353,66,133,100,92,797,30,251,604,1011
17,PERIYAR NEAR ALWAYENANELOOR,KERALA,27.5,5.6,6.9,943,1.5,0.4,655,1925,2011,88,387,66,119,67,114,978,69,113,742,285
18,"PERIYAR AT KALADY, KERALA",KERALA,26.3,7.4,7,38,0.9,0.26,386,1196,2011,99,382,66,100,129,128,567,30,71,563,75
1338,"PERIYAR AT SEWAGE DISCHARGE POINT, KERALA",KERALA,27,6.7,6.9,43,1,0.3,1043,2750,2011,26,386,66,111,100,114,620,39,84,65,437
2333,RIVER PERIYAR AT MUPPATHADAM,KERALA,27.4,7.1,7.3,48,1.5,0.36,595,1775,2011,167,477,66,117,119,160,660,69,103,712,251
2334,RIVER PERIYAR AT PATHALAM,KERALA,27,6.2,6.8,309,1.6,0.39,1129,2725,2011,168,478,66,111,79,108,484,74,110,90,432
2335,R PERIYAR AT KALAMASSERY,KERALA,27.4,5.2,6.8,61,1.8,0.33,1123,2650,2011,169,430,66,117,59,108,775,90,92,88,423
2336,R PERIYAR AT PURAPPALLIKAVU,KERALA,27.3,6.8,6.9,995,1.1,0.24,349,1258,2011,170,431,66,116,105,114,1001,46,66,532,97
2300,R PERUVAMBA AT CHANDAPPURA,KERALA,27,6.8,6.9,52,0.9,0.45,39,198,2011,155,432,66,111,105,114,702,30,125,568,294
2303,R PULLUR AT PULLUR BR.,KERALA,27.8,6.2,6.6,44,0.7,0.21,715,1630,2011,158,433,66,125,79,92,627,23,53,769,215
2290,R PUZHACKAL AT PUZHACKAL BRIDGE,KERALA,28.4,4.5,6.5,77,1.1,0.34,400,2675,2011,145,434,66,134,47,84,881,46,96,577,424
2299,R RAMAPURAM AT RAMAPURAM BRIDGE,KERALA,28.8,4,7,19279,0.9,0.03,98,233,2011,154,435,66,142,38,128,295,30,4,864,377
2305,R SHRIYA AT ANGADIMOGARU,KERALA,28.8,7,7.4,69,1,0.12,230,660,2011,160,436,66,142,114,170,822,39,18,363,893
2296,R THALLASSERY AT PATHIPPALAM,KERALA,25.9,6.5,6.8,58,0.5,0.24,303,1026,2011,151,437,66,95,91,108,742,12,66,473,14
2292,R THIRUR AT THALAKKADATHUR BRIDGE,KERALA,28,4.6,6.9,98,0.6,0.11,168,348,2011,147,438,66,127,48,114,996,17,15,240,557
2306,R UPPALA AT  UPPALA BR.,KERALA,28.5,6.6,7.3,12327,0.6,0.71,1326,2210,2011,161,439,66,135,95,160,98,17,176,149,350
1442,"VAMANAPURAM, KERALA",KERALA,28.8,7.1,7,51,1,0.78,750,1700,2011,44,640,66,142,119,128,693,39,186,780,235
1444,"KALI AT D/S WEST COAST PAPER MILL, KARNATAKA",KARNATAKA,28.3,7.3,7.1,241,2.9,1.17,100,185,2011,46,195,65,133,127,141,382,215,234,53,269
2780,"KALI AT U/S OF WCPM, DANDELI, KARNATAKA",KARNATAKA,27.5,7.7,7.4,121,1.4,0.64,378,1255,2011,218,197,65,119,135,170,89,64,167,553,96
1894,KUMARADHARA NAN U/S OF UPPINAGADY TOWN BEFORE CONFLUENCE WITH RIVER NETHRAVATHI,KARNATAKA,30.5,6.5,7.3,64,1,2.6,236,420,2011,110,240,65,162,91,160,797,39,381,376,646
1892,NETRAVATHI U/S OF DHARMASTALA AT WATER SUPPLY INTAKE POINT,KARNATAKA,29.5,6.9,7.4,57,1,1.28,46,409,2011,109,338,65,151,109,170,739,39,246,631,637
2423,"BUDHABALANGA, D/S OF BARIPADA TOWN",ORISSA,22.3,7.5,8,211,1.9,0.39,3005,6858,2011,175,50,106,58,130,232,330,95,110,470,913
2424,"BUDHABALANGA, D/S OF BARIPADA TOWN",ORISSA,22.3,7.2,8,263,3.7,0.63,6625,14725,2011,176,50,106,58,124,232,418,271,166,744,163
2425,"RIVER KERANDI(INTAKE WELL OF NALCO REFINARY, HAL, SUNABEDA)",ORISSA,25,7,7.6,111,1.6,0.67,1081,2743,2011,177,462,106,85,114,189,56,74,172,76,435
2422,"NAGAVALLI AT PENTA U/S, JAYKAYPUR TOWN",ORISSA,25.9,7.5,7.9,205,1.5,1,1615,3542,2011,174,317,106,95,130,218,320,69,220,220,567
1642,"NAGAVALLI AT JAYKAYPUR D/S, ORISSA",ORISSA,25.9,7.1,7.7,283,2.3,1.73,2882,6692,2011,83,316,106,95,119,199,444,197,284,450,900
1643,"NAGAVALLI AT RAYAGADA D/S, ORISSA",ORISSA,24.8,7.4,8,263,1.7,0.65,3113,6617,2011,84,321,106,83,129,232,418,81,168,484,895
1455,"RUSHIKULYA AT GANJAM U/S, ORISSA",ORISSA,27.5,8.1,8,300,2.3,0.45,2272,4569,2011,49,503,106,119,143,232,468,197,125,358,694
1456,"RUSHIKULYA AT GANJAM D/S, ORISSA",ORISSA,28,7.8,8,13103,2.1,0.59,277,739,2011,50,500,106,127,137,232,134,185,158,430,957
2426,VANSADHARA AT MUNIGUDA (D/S OF M/S VEDANTAALUMINA PROJECT),ORISSA,25,7.4,8,207,1.5,0.53,1356,2872,2011,178,643,106,85,129,232,323,69,148,158,463
2427,VANSADHARA AT GUNUPUR (INTERSTATE BOUNDRY),ORISSA,25.8,7.2,8,198,1.4,0.57,677,1850,2011,179,642,106,94,124,232,304,64,154,751,270
1685,"ARASALAR RIVER KARAIKAL REGION, PONDICHERRY",PONDICHERRY,26.8,6.5,8.1,729,1,0.65,NAN,NAN,2011,85,23,116,109,91,235,853,39,168,869,1094
2444,CORINGA RIVER,PONDICHERRY,31,3,8.1,1086,NAN,0.1,NAN,NAN,2011,182,72,116,167,27,235,40,407,13,869,1094
2442,GAUTAMINANGODAVARI RIVER,PONDICHERRY,32,6.9,8.2,10910,NAN,0.02,NAN,NAN,2011,180,113,116,170,109,242,44,407,3,869,1094
2443,GAUTAMINANGODAVARI RIVER,PONDICHERRY,31,6,8,17990,NAN,0.07,NAN,NAN,2011,181,113,116,167,73,232,260,407,8,869,1094
2445,MAHE RIVER,PONDICHERRY,28,4.8,7.7,48500,NAN,0.34,NAN,NAN,2011,183,270,116,127,50,199,664,407,96,869,1094
1885,RIVER GHAGGAR AT D/S OF SURAJPUR,HARYANA,NAN,6.9,7.8,440,3.4,1.21,NAN,NAN,2011,107,456,55,178,109,207,628,264,237,869,1094
1023,"GHAGGAR AT MUBARAKPUR REST HOUSE (PATIALA), PUNJAB",PUNJAB,24.8,5.8,7.2,732,8.5,3.83,1089,4838,2011,0,129,117,83,70,150,856,390,441,79,718
1024,"GHAGGAR AT 100M D/S CONF. WITH R. SARASWATI (PATIALA),PUNJAB",PUNJAB,24,5.6,7.4,1322,15.3,15,16750,41500,2011,1,116,117,77,67,170,140,142,323,239,642
1295,"GHAGGAR NEAR BANKARPUR,DERA BASSI,PUNJAB",PUNJAB,25,5.4,7.3,809,10,4.2,4278,8975,2011,22,148,117,85,62,160,901,98,454,603,1040
1473,"GHAGGAR AT RATANHERI, D/S OF PATIALA NADI (AFTER CONFL.), PUNJAB",PUNJAB,23.3,5.7,7.3,1103,14.3,13.75,20250,52500,2011,55,132,117,68,69,160,53,133,317,314,762
1698,GHAGGAR AT D/S CHHATBIR,PUNJAB,25.8,5.7,7.5,906,24,14.18,7863,17625,2011,86,117,117,94,69,179,959,235,320,793,249
1699,"GHAGGAR AT U/S DHAKANSU NALLAH, PUNJAB",PUNJAB,25.8,3.5,7.4,1064,20,13.2,8000,14500,2011,87,134,117,94,33,170,29,217,316,802,157
1700,"GHAGGAR AT D/S DHAKANSU NALLAH, PUNJAB",PUNJAB,25.8,3.2,7.6,1197,27.3,19.2,20250,40250,2011,89,120,117,94,29,189,85,250,341,314,631
1701,GHAGGAR AT D/S JHARMAL NADI,PUNJAB,26,4.7,7.3,1383,32.8,16.4,14388,42875,2011,90,121,117,96,49,160,157,284,330,175,657
1702,GHAGGAR AT U/S JHARMAL NADI,PUNJAB,26,4.8,7.4,1063,16,5.03,3138,8025,2011,91,135,117,96,50,170,28,148,472,486,989
1703,"GHAGGAR AT MOONAK, PUNJAB",PUNJAB,24.4,5.3,7.5,1532,18.3,15.8,27000,63500,2011,92,127,117,79,60,179,207,165,328,421,868
1704,GHAGGAR AT D/S SARDULGARH,PUNJAB,23.4,5.6,7.5,1269,34.5,12.15,22000,60000,2011,93,124,117,69,67,179,110,287,315,344,835
1705,GHAGGAR AT U/S SARDULGARH,PUNJAB,24.3,5.4,7.4,1194,22,8.3,10000,35000,2011,94,137,117,78,62,170,83,227,504,55,563
1025,"GHAGGAR GHNAN1 AT ROAD BRDG. SIRSA,DEBWALI ROAD,HARYANA",HARYANA,17.7,6.1,6.8,780,14.7,NAN,NAN,NAN,2011,2,143,55,14,77,108,889,136,506,869,1094
1026,"GHAGGAR GHNAN2 AT CHANDARPUR SYPHON,  HARYANA",HARYANA,17,6.1,6.8,773,14.7,NAN,NAN,NAN,2011,3,146,55,8,77,108,884,136,506,869,1094
1887,GHAGGAR BEFORE OTTU WEIR (BEFORE MIXING OF SATLUJ CANAL WATER) (HARYANA),HARYANA,17.3,6,7,820,15.3,NAN,NAN,NAN,2011,108,140,55,9,73,128,910,142,506,869,1094
1718,"GAGGAR RIVER WHEN ENTERING IN RAJASTHAN FROM HARYANA NEAR RD NO. 629, RAJASTHAN",RAJASTHAN,28,4.8,7.9,650,3.2,0.68,6,62,2011,96,110,149,127,50,218,804,259,173,714,852
1719,"GAGGAR RIVER D/S HANUMANGARH NEAR 2 KNJ NAI ABADI, MAKKASR",RAJASTHAN,32,5,7.3,390,2.8,0.14,4,20,2011,97,107,149,170,55,160,579,214,23,575,301
1871,"RIVER MARKANDA AT PAONTA, DISTT. SIRMOUR, H.P.",HIMACHAL PRADESH,21.4,8.3,7.6,334,1,0.49,9,16,2011,105,476,56,51,146,189,518,39,135,832,205
2624,MARKANDA U/S KALA AMB,HIMACHAL PRADESH,22.3,8.2,7.7,316,1.2,0.48,11,20,2011,192,293,56,58,144,199,496,50,134,81,301
1884,KALA AMB D/S MARKANDA RIVER,HARYANA,18.3,3.1,7.8,1261,195.4,4.78,NAN,NAN,2011,106,193,55,20,28,207,107,176,466,869,1094
2625,MARKANDA D/S KALA AMB/ BOUNDARY OF HARYANA,HIMACHAL PRADESH,22.8,8.3,7.6,304,1.2,0.51,12,20,2011,193,292,56,64,146,189,476,50,140,105,301
1870,"RIVER SUKHANA AT PARWANOO, DISTT. SOLAN, H.P.",HIMACHAL PRADESH,21.8,5.5,7.6,743,7.6,1.02,81,166,2011,104,488,56,54,65,189,863,379,222,803,223
2948,"RIVER BANDI AT HEMAWAS DAM, PALI, RAJASTHAN",RAJASTHAN,26.9,5.1,7.8,657,1.7,0.26,6,23,2011,250,446,149,110,56,207,806,81,71,714,369
2947,"RIVER JAWAI AT JAWAI DAM, SIROHI, RAJASTHAN",RAJASTHAN,27.3,5.3,7.8,623,1.7,NAN,NAN,NAN,2011,249,457,149,116,60,207,784,81,506,869,1094
2869,BARAK RIVER AT SENAPATI ,MANIPUR,19,8.7,7.1,252,4.9,NAN,NAN,10,2011,237,32,86,28,153,141,402,318,506,869,2
2875,"BARAK RIVER AT N.H. 53, TAMENGLONG DISTT., MANIPUR",MANIPUR,26,5.1,7.2,17,1,NAN,NAN,10,2011,243,31,86,96,56,150,243,39,506,869,2
2868,CHAKPI AT CHAKPI KARONG ,MANIPUR,19,10,7.4,157,0.6,NAN,NAN,5,2011,236,54,86,28,15,170,215,17,506,869,734
1424,"IMPHAL AT MAHABALI, MANIPUR",MANIPUR,21.8,5.9,7,164,1.6,NAN,NAN,74,2011,37,167,86,54,72,128,229,74,506,869,958
1457,"IMPHAL AT KOIRENGEI, MANIPUR",MANIPUR,22.3,6.1,7.3,141,1.4,NAN,NAN,63,2011,51,164,86,58,77,160,166,64,506,869,862
1627,"IMPHAL AT KIYAMGI, MANIPUR",MANIPUR,22.3,5.6,7.1,427,1.4,NAN,NAN,175,2011,78,162,86,58,67,141,616,64,506,869,244
1628,IMPHAL AT MINUTHONG,MANIPUR,22.3,4.7,7,527,1.9,NAN,NAN,42,2011,79,168,86,58,49,128,704,95,506,869,645
2861,"IMPHAL AT KANGLA MOAT, IMPHAL ",MANIPUR,23,5.5,8.6,116,4.5,NAN,NAN,113,2011,229,160,86,65,65,252,69,311,506,869,55
2862,"IMPHAL AT SAMUROU, IMPHAL WEST",MANIPUR,23,6.8,6.8,160,1.5,NAN,NAN,23,2011,230,169,86,65,105,108,220,69,506,869,369
2864,"IMPHAL AT SEKMAI, IMPHAL EAST",MANIPUR,23,7,7.4,47,1,NAN,NAN,5,2011,232,170,86,65,114,170,655,39,506,869,734
2874,IRANG RIVER AT TAMENGLONG,MANIPUR,23,7.3,7.8,116,1.2,NAN,NAN,10,2011,242,171,86,65,127,207,69,50,506,869,2
1458,"IRIL AT PORAMPET, MANIPUR",MANIPUR,22,5.5,7.3,179,1.2,NAN,NAN,75,2011,52,177,86,56,65,160,259,50,506,869,961
1624,"IRIL AT LILONG, MANIPUR",MANIPUR,22.3,4.7,7.4,220,1.6,NAN,NAN,140,2011,75,175,86,58,49,170,349,74,506,869,142
2863,"IRIL RIVER AT KANGLA SIPHAI, IMPHAL EAST, MANIPUR",MANIPUR,27,4.9,7,180,1.2,NAN,NAN,10,2011,231,178,86,111,54,128,261,50,506,869,2
2873,IRIL RIVER AT LILONG (THOUBAL ),MANIPUR,30,5.8,7.8,367,6.2,NAN,NAN,95,2011,241,179,86,157,70,207,554,358,506,869,1069
1925,KHUGA RIVER (CHURACHANDPUR),MANIPUR,23,5.8,7.4,249,1,NAN,NAN,37,2011,111,225,86,65,70,170,397,39,506,869,589
2877,"KHUGA DAM ON KHUGA RIVER, CHURACHANDPUR, MANIPUR",MANIPUR,23,6.2,6.9,182,2.1,NAN,NAN,8,2011,245,222,86,65,79,114,265,185,506,869,985
1926,"KHUJAIROK, MOREH (CHANDEL DIST.)",MANIPUR,22.7,5.5,7.7,356,1.2,NAN,NAN,202,2011,112,228,86,63,65,199,542,50,506,869,307
2878,"LOKCHAO RIVER AT BISHNUPUR, MANIPUR",MANIPUR,23,5.1,6.9,190,2.3,NAN,NAN,33,2011,246,263,86,65,56,114,290,197,506,869,535
2867,"MAHA RIVER AT CHANDEL, MANIPUR",MANIPUR,23.5,5.2,7.1,164,2.8,NAN,NAN,20,2011,235,269,86,70,59,141,229,214,506,869,301
2852,"MANIPUR RIVER AT SEKMAIJAN, DISTT. THOUBAL, MANIPUR",MANIPUR,23,4.6,7,188,2.8,NAN,NAN,18,2011,220,286,86,65,48,128,283,214,506,869,256
2879,MANIPUR RIVER AT ETHAI BARRAGE ON MANIPUR RIVER AT BISHNUPUR,MANIPUR,23.5,5.6,6.6,165,1.9,NAN,NAN,23,2011,247,285,86,70,67,92,232,95,506,869,369
1625,NAMBUL RIVER AT HUMP BRIDGE,MANIPUR,23,1.9,6.8,484,15.3,NAN,NAN,1075,2011,76,330,86,65,14,108,663,142,506,869,31
1626,"NAMBUL RIVER AT HEIRANGOITHONG, MANIPUR",MANIPUR,23,2.5,7.1,424,16.7,NAN,NAN,682,2011,77,329,86,65,22,141,614,153,506,869,911
2858,"NAMBUL RIVER AT SAMUSANG (U.K. ROAD), DISTT. IMPHAL WEST",MANIPUR,22.5,5.5,6.9,118,2.8,NAN,NAN,10,2011,226,332,86,61,65,114,75,214,506,869,2
2859,"NAMBUL RIVER AT SINGDA DAM, IMPHAL WEST, MANIPUR",MANIPUR,23,6,7,100,4.2,NAN,NAN,10,2011,227,334,86,65,73,128,1,304,506,869,2
2860,"NAMBUL RIVER AT NAOREMTHONG, IMPHAL WEST, MANIPUR",MANIPUR,22.5,4.9,6.9,93,3.6,NAN,NAN,25,2011,228,331,86,61,54,114,971,268,506,869,401
2880,"NAMBUL RIVER AT  BISHNUPUR, MANIPUR",MANIPUR,20,4.8,7,167.1,2.8,NAN,NAN,NAN,2011,248,327,86,39,50,128,235,214,506,869,1094
1927,"SEKMAI RIVER, KAKCHING (THOUBAL DIST.)",MANIPUR,22.7,5.4,7.2,211,1.1,NAN,NAN,78,2011,113,521,86,63,62,150,330,46,506,869,973
2853,"THOUBAL RIVER AT MAPITHEL DAM, DISTT. THOUBAL, MANIPUR",MANIPUR,26,6,7.5,231,1.1,NAN,NAN,10,2011,221,577,86,96,73,179,365,46,506,869,2
2854,"THOUBAL RIVER AT PHADOM, DISTT. THOUBAL, MANIPUR",MANIPUR,19,5.6,7.1,319,4.4,NAN,NAN,15,2011,222,578,86,28,67,141,501,309,506,869,172
2856,"THOUBAL RIVER AT YAIRIPOK, DISTT. THOUBAL, MANIPUR",MANIPUR,22.5,5.7,6.9,261,2.3,NAN,NAN,53,2011,224,580,86,61,69,114,416,197,506,869,765
2870,"THOUBAL RIVER AT SONGKHONG, (UKL DIST.)",MANIPUR,18.9,9.9,7.1,163,1,NAN,NAN,35,2011,238,579,86,27,164,141,226,39,506,869,560
2872,THOUBAL RIVER AT LITAN (UKL DIST.),MANIPUR,21,6.1,7.6,163,4.5,NAN,NAN,25,2011,240,576,86,47,77,189,226,311,506,869,401
2855,"WANGJING RIVER AT HEIROK, DISTT. THOUBAL, MANIPUR",MANIPUR,22.5,5.1,6.9,170,2.5,NAN,NAN,10,2011,223,660,86,61,56,114,244,203,506,869,2
2876,"WANGJING RIVER AT WANGJING, DISTT. THOUBAL, MANIPUR",MANIPUR,23,3.8,7,192,3,NAN,NAN,23,2011,244,661,86,65,36,128,294,255,506,869,369
1632,"GANOL RIVER TURA, MEGHALAYA",MEGHALAYA,24.4,7.8,7.2,139,1.9,0.56,263,359,2011,81,112,88,79,137,150,160,95,151,412,578
1428,"KHARKHLA NEAR SUTNGA KHLIERIAT,JAINTIA HILLS DT.,MEGHALAYA",MEGHALAYA,21.8,6.5,3.1,489,6.1,0.52,32,47,2011,39,220,88,54,91,43,665,357,145,493,708
1631,"MYNTDU RIVER JOWAI, MEGHALAYA",MEGHALAYA,20.8,7.3,7,162,2.2,0.69,2085,2633,2011,80,312,88,46,127,128,224,192,174,320,422
1633,SIMSANG RIVER WILLIAMNAGAR,MEGHALAYA,25.2,7.8,7.1,136,1.9,0.52,303,409,2011,82,522,88,87,137,141,149,95,145,473,637
1427,UMTREW AT BYRNIHAT EAST,MEGHALAYA,24,7.7,7.1,205,7,0.84,303,461,2011,38,625,88,77,135,141,320,371,197,473,699
2050,TLAWNG UPSTREAM AIZAWL,MIZORAM,23.4,8.1,7.1,267,1,0.11,2,12,2011,120,584,92,69,143,141,424,39,15,304,76
2051,TLAWNG DOWNSTREAM AIZAWL,MIZORAM,23.4,8,7,278,1.1,0.11,3,18,2011,121,582,92,69,142,128,436,46,15,466,256
2052,TUIRIAL UPPER CATCHMENT,MIZORAM,23.2,6.9,7.2,268,1.1,0.11,6,37,2011,122,590,92,67,109,150,426,46,15,714,589
2053,TUIRIAL LOWER CATCHMENT,MIZORAM,23.3,6.8,7.1,286,1.3,0.11,8,29,2011,123,588,92,68,105,141,445,56,15,798,468
2459,"DAMANGANGA AT ZARI CAUSE WAY BRIDGE, DAMAN ",DAMAN & DIU,29.9,5.6,7.5,15608,25,18.73,5,5,2010,184,98,21,156,67,179,214,239,339,661,734
2460,DAMANGANGA AT DISCHARG POINT DISTILLARY,DAMAN & DIU,29.9,3.7,7.5,39503,13.5,25.71,NAN,NAN,2010,185,85,21,156,35,179,583,124,403,869,1094
2461,"DAMANGANGA AT DAMAN JETTY, MOTI DAMAN",DAMAN & DIU,29.8,4.7,7.6,46170,21.5,19.69,NAN,NAN,2010,186,84,21,155,49,189,648,224,345,869,1094
2462,"DAMANGANGA AT VAPI WEIR, VAPI",DAMAN & DIU,30.2,5.8,7.8,378,NAN,2.61,NAN,NAN,2010,187,95,21,159,70,207,565,407,382,869,1094
2463,"DAMANGANGA AT LAVACHA TEMPLE, DADRA",DAMAN & DIU,29.7,6.6,7.7,489,NAN,2.66,350,350,2010,188,92,21,154,95,199,665,407,385,534,561
2464,"DAMANGANGA at D/s of M/s Surat Beverages, Dadra",DAMAN & DIU,30.1,6.6,7.4,492,NAN,3.6,NAN,NAN,2010,189,100,21,158,95,170,671,407,435,869,1094
2465,"DAMANGANGA AT NAROLI BRIDGE, SILVASSA",DAMAN & DIU,30.3,6.2,7.8,359,NAN,3.67,4,NAN,2010,190,94,21,160,79,207,544,407,436,575,1094
2466,"DAMANGANGA AT VILLAGE NAMDHA, VAPI",DAMAN & DIU,29.8,5.8,7.7,8757,NAN,10.45,4,4,2010,191,97,21,155,70,199,937,407,305,575,625
1860,BALEHWAR KHADI AT N.H. NO. 8,GUJARAT,26,5.1,8.1,533,3.7,0.45,3900,7500,2010,100,28,52,96,56,235,710,271,125,569,962
1861,RIVER PURNA ON BRIDGE AT SURATNANNAVSARI HIGHWAY,GUJARAT,27,7.1,8,555,2,0.35,7500,15000,2010,101,479,52,111,119,232,729,177,102,781,175
1862,RIVER KAVERI ON BRIDGE AT BILLIMORANANVALSAD ROAD,GUJARAT,27,6.8,8.2,26600,3.1,0.62,9000,23000,2010,102,461,52,111,105,242,423,256,165,835,372
1865,RIVER DHADAR AT KOTHADA,GUJARAT,29.3,8.1,7.6,938,8.6,0.4,22,108,2010,103,454,52,149,143,189,976,391,113,341,33
1148,"AMBIKA AT BILIMORA, ",GUJARAT,28.4,6.2,7.8,7778,2.7,0.26,2880,6581,2010,7,14,52,134,79,207,886,210,71,449,890
1434,"AMLAKHADI AFTER CONFL. OF W. WATER FROM ANKLESH,",GUJARAT,32,NAN,7.2,1440,46,0.2,80,330,2010,40,16,52,170,165,150,183,330,48,800,536
1438,"MINDHOLA AT STATE HIGHWAY BRIDGE SACHIN, ",GUJARAT,28.3,3.2,7.7,885,6.3,0.51,3900,9575,2010,43,297,52,133,29,199,944,360,140,569,1073
1399,ZUARI AT D/S OF PT. WHERE KUMBARJRIA CANAL JOINS,NAN,29.3,6.6,6.5,58,1.8,0.87,0,53,2010,33,663,101,149,95,84,742,90,201,1,765
1475,ZUARI AT PANCHAWADI,NAN,28.8,6.6,6.6,145,1.5,0.65,4,98,2010,56,665,101,142,95,92,187,69,168,575,1086
1400,MANDOVI AT NEGHBOURHOOD OF PANAJI,NAN,29,6.3,6.6,55,1.8,0.36,8,140,2010,34,274,101,145,84,92,724,90,103,798,142
1476,"MANDOVI AT TONCA, MARCELA",NAN,28.8,6.4,6.4,188,2,0.44,15,153,2010,57,276,101,142,87,79,283,177,121,191,185
1543,KALNA AT CHANDELNAN PERNEM,NAN,27.3,6.9,6.2,61,1.7,1.07,7,117,2010,58,203,101,116,109,77,775,81,228,758,67
1548,ASSONORA AT ASSONORA,NAN,28.3,7.2,6.1,62,2.6,0.92,8,123,2010,63,24,101,133,124,75,781,206,207,798,87
2276,"RIVER BICHOLIM VARAZAN NAGAR , BICHOLIM",NAN,29,6.9,6.6,154,1.9,0.83,17,173,2010,138,451,101,145,109,92,209,95,195,242,240
2275,"RIVER CHAPORA NEAR ALORNA FORT ,PERNEM",NAN,27.6,7,6.3,742,1.6,0.42,8,139,2010,137,453,101,120,114,78,862,74,118,798,139
1546,KHANDEPAR AT OPA NAN PONDA,NAN,28.8,7.6,6.2,62,1.1,0.38,12,160,2010,61,219,101,142,133,77,781,46,107,105,207
2270,"KHANDEPAR AT CODLI NR BDG,U/S OPA WATERWORKS, SANGUEM",NAN,28.3,7.1,6.2,69,1.4,0.56,7,141,2010,132,218,101,133,119,77,822,64,151,758,145
2272,"KUSHAWATI NEAR BUND AT KEVONA,RIVON,SANGUEM",NAN,27.8,6.8,6,93,1.9,0.75,9,136,2010,134,250,101,125,105,73,971,95,182,832,132
1545,MADAI AT DABOS NAN  VALPOI,NAN,28.5,7.1,6.2,89,1.4,0.68,6,119,2010,60,267,101,135,119,77,945,64,173,714,74
2274,MAPUSA ON CULVERT ON HIGHWAY MAPUSANANPANAJI,NAN,28.1,6.3,6.2,110,1.5,0.59,8,157,2010,136,290,101,128,84,77,50,69,158,798,196
2271,"SAL PAZORKHONI, CUNCOLIM (NR CULVERT MARGAONAN CANACONA N.H.)",NAN,29,6.2,7,77,1.8,0.46,11,173,2010,133,508,101,145,79,128,881,90,130,81,240
2273,"SAL NEAR HOTEL LEELA MOBOR, CAVELOSSIM",NAN,29.5,6.2,6.8,67,1.7,0.61,8,145,2010,135,506,101,151,79,108,813,81,162,798,155
1547,TALPONA AT CANACONA,NAN,30.2,6.9,6.5,62,1.4,0.6,10,107,2010,62,535,101,159,109,84,781,64,159,52,28
1544,VALVANT AT SANKLINANBICHOLIM,NAN,28.3,6.7,6.2,62,0.9,0.57,8,187,2010,59,638,101,133,100,77,781,30,154,798,272
2651,"AMBA AT D/S OF WAKEN BDG U/S OF JS PETROCHEMICALS, WAKENPHATA, ROHA",NAN,28.7,6.8,7.9,119,3.5,0.58,286,517,2010,194,9,101,139,105,218,80,265,156,444,756
1461,BHATSA AT D/S OF PISE DAM NEAR PISE VILLAGE (ULHAS),NAN,26,7,7.7,88,3.2,0.13,8,17,2010,53,40,101,96,114,199,939,259,20,798,233
2653,"BHATSA AT D/S OF LIBERTY OIL MILLS, SATNEL, SHAHAPUR, THANE",NAN,NAN,6.9,7.3,70,3.4,0.19,NAN,NAN,2010,195,38,101,178,109,160,839,264,43,869,1094
2654,"BHATSA AT U/S OF LIBERTY OIL MILLS, SATNEL, SHAHAPUR, THANE",NAN,NAN,7.4,7.2,77,3,0.23,NAN,NAN,2010,196,43,101,178,129,150,881,255,62,869,1094
1092,KALU AT ATALE VILLAGE,NAN,24,7,7.4,3113,4,2.16,95,350,2010,4,205,101,77,114,170,489,297,357,849,561
2670,"KAN NEAR SAKRI WATER WORKS, SAKRI, DHULE",NAN,32.1,5.5,8.1,363,8.4,2.15,16,69,2010,197,207,101,171,65,235,548,388,356,214,920
1152,KUNDALIKA AT ROHA CITY,NAN,30.3,6.9,7.5,86,3.6,0.4,316,582,2010,11,243,101,160,109,179,929,268,113,487,815
2198,KUNDALIKA RIVER AT ARE KHURD ( SALINE ZONE ),NAN,30.1,6.4,7.4,621,37.8,1.79,413,728,2010,130,246,101,158,87,170,783,295,289,591,951
2671,"KUNDALIKA NEAR SALAV BDG (SALINA ZONE), SALAV, ROHA, RAIGAD",NAN,28.8,5.2,7.9,42354,9.5,1.1,126,253,2010,198,245,101,142,59,218,613,400,229,125,408
2672,"KUNDALIKA  AT DHATAV AT JACKWELL, DHATAV, ROHA, RAIGAD",NAN,28.7,6.9,7.4,73,3.5,0.27,482,659,2010,199,241,101,139,109,170,854,265,75,645,891
2168,MITHI RIVER,NAN,29,3.4,7.4,17842,31.5,3.32,1767,1767,2010,129,300,101,145,31,170,256,281,420,255,250
2676,"MUCHKUNDI AT WAKED NEAR M/S ASAHI INDIA GLASS LTD, WAKED, LANJA, RATNAGIRI",NAN,28.5,7.4,8.1,254,2.2,0.15,3,75,2010,200,301,101,135,129,235,408,192,27,466,961
1151,PATALGANGA AT SHILPHATA,NAN,27.7,6.7,7.4,125,3.7,0.4,514,820,2010,10,358,101,121,100,170,103,271,113,675,1001
1462,PATALGANGA NEAR INTAKE OF MIDC W/W,NAN,28.6,6.6,7.5,129,3.9,0.4,129,381,2010,54,361,101,137,95,179,125,277,113,133,606
2685,"PATALGANGA AT D/S OF KHARPADA BDG, KHARPADA, KHALAPUR, RAIGAD",NAN,27.1,6.1,7.3,515,5.1,2.02,82,212,2010,201,354,101,112,77,160,697,334,347,806,328
2686,"PATALGANGA AT VYAL PUMP HOUSE, VYAL, KHALAPUR, RAIGAD",NAN,27.1,6.6,7.4,122,3.6,0.46,172,361,2010,202,360,101,112,95,170,95,268,130,247,582
2687,"PATALGANGA AT KHALAPUR PUMPING STATION, RAIGAD",NAN,27,6.5,7.3,131,3.8,0.79,108,261,2010,203,356,101,111,91,160,133,274,187,75,421
2688,"PATALGANGA AT SAVROLI BDG, KHALAPUR. RAIGAD",NAN,26.8,6.7,7.3,130,3.4,0.57,133,318,2010,204,357,101,109,100,160,128,264,154,151,521
2689,"PATALGANGA RIVER AT GAGANGIRI MAHARAJ TEMPLE, KHOPOLI, KHALAPUR, RAIGAD",NAN,26.8,6.6,7.4,95,3.7,0.53,147,217,2010,205,365,101,109,95,170,979,271,148,185,337
2696,"PEHLAR DAM ON PEHLAR RIVERNANINLET OF WATER WORKS, VASAI, THANE",NAN,26.4,6.8,7.7,143,3.6,0.43,38,109,2010,206,378,101,102,105,199,176,268,119,554,37
2199,SAVITRI AT OVALE VILLAGE.,NAN,22.1,6.3,7.5,10825,2.9,1.93,5,101,2010,131,511,101,57,84,179,38,215,297,661,9
2701,"SAVITRI JACKWELL AT UPSA KENDRE, NANGALWADI, MAHAD, RAIGAD",NAN,22.3,7.1,7.4,185,2.2,0.63,4,80,2010,207,513,101,58,119,170,273,192,166,575,986
2702,"SAVITRI RIVER AT SHEDAV DOH, MAHAD,RAIGAD",NAN,22,6.7,7.5,1439,2.5,1.47,4,113,2010,208,518,101,56,100,179,180,203,261,575,55
2703,"SAVITRI AT DADLI BRIDGE, DADLI, MAHAD, RAIGADH",NAN,22,6.6,7.5,185,2.4,0.3,6,113,2010,209,509,101,56,95,179,273,200,84,714,55
2704,"SAVITRI AT MUTHAVALI VILLAGE, MAHAD, RAIGADH",NAN,22,6.7,7.8,3521,2.4,1.02,3,90,2010,210,510,101,56,100,207,539,200,222,466,1042
2706,"SURYA U/S OF SURYA DAM, DHAMMI, VIKRAMGAD, THANE",NAN,28.2,7.1,7.7,193,3.1,0.53,41,92,2010,211,534,101,130,119,199,296,256,148,586,1052
2707,"SURYA AT MIDC PUMPING STATION, GARVASHET, PALGHAR, THANE",NAN,28.2,7.1,7.9,175,3.1,0.47,31,86,2010,212,528,101,130,119,218,251,256,131,482,1023
2708,"SURYA RIVER AT INTAKE OF VASAINANVIRAR W/S SCHEME, MASVAN, PALGHAR, THANE",NAN,28.3,7.1,7.8,174,3.3,0.44,33,83,2010,213,530,101,133,119,207,250,263,121,507,1004
2709,"TANSA NEAR ROAD BDG, VILL DAKEWALI, WADA, THANE",NAN,NAN,7.2,7.5,308,4,0.15,NAN,NAN,2010,214,564,101,178,124,179,482,297,27,869,1094
1093,ULHAS AT U/S OF NRC BUND AT MOHANE,NAN,26.3,6.4,7.7,153,3.6,0.77,504,592,2010,5,599,101,100,87,199,205,268,185,666,826
1094,ULHAS AT U/S OF BADLAPUR,NAN,26.1,7,7.7,111,3.4,0.42,179,359,2010,6,597,101,97,114,199,56,264,118,260,578
2162,ULHAS RIVER ATJAMBHUL WATER WORKS.,NAN,26,6.6,7.6,209,3.4,0.68,97,243,2010,127,604,101,96,95,189,326,264,173,860,391
2712,"VAITARNA NR RD BDG, GANDHARE VILL., WADA, THANE",NAN,NAN,7.5,8.2,296,3.5,0.14,NAN,NAN,2010,215,630,101,178,130,242,459,265,23,869,1094
2164,VASHISTI AT U/S OF THREE M PAPER MILLS NEAR M/S MULTIFILMS PLASTIC PVT. LTD. AT KHERDI.,NAN,27.6,6.9,7.5,119,2.2,0.42,2,71,2010,128,652,101,120,109,179,80,192,118,304,937
2713,"VASHISHTI AT D/S OF THREE M PAPER MILLS NR CHIPLUN WATER INTAKE JACKWELL, KHERDI, RATNAGIRI",NAN,27.6,6.8,7.7,116,2.3,1.33,3,74,2010,216,646,101,120,105,199,69,197,250,466,958
2714,"VASHISHTI AT U/S OF POPHALI NEAR KONPHANSAWANE BRIDGE, CHIPLUN, RATNAGIRI",NAN,27.3,7,7.7,118,2.1,0.5,3,64,2010,217,647,101,116,114,199,75,185,137,466,873
17,PERIYAR NEAR ALWAYENANELOOR,NAN,27.4,5.2,6.6,453,1.5,0.38,644,4613,2010,88,387,101,117,59,92,640,69,107,737,700
18,PERIYAR AT KALADY,NAN,27.3,7.2,6.8,35,1.1,0.24,513,3483,2010,99,381,101,116,124,108,537,46,66,674,558
20,CHALIYAR AT KOOLIMADU,NAN,26,7,7.1,62,0.5,0.44,385,617,2010,116,61,101,96,114,141,781,12,121,561,850
21,CHALIYAR AT CHUNGAPALLY,NAN,26.2,7,7.1,5228,0.6,0.34,240,455,2010,126,58,101,98,114,141,703,17,96,384,691
42,"KALLADA AT PERUMTHOTTA MKADAVU, PUNALOOR",NAN,27.5,7.2,7,51,0.6,0.26,285,522,2010,318,199,101,119,124,128,693,17,71,442,759
43,MUVATTAPUZHA AT VETTIKKATTUMUKKU,NAN,28.1,6.7,6.9,62,1.2,0.46,385,2193,2010,319,306,101,128,100,114,781,50,130,561,344
1154,CHALAKUDY AT PULICKALKANANDAVU,NAN,28.2,6.5,6.5,118,1.1,0.52,610,3080,2010,12,56,101,130,91,84,75,46,145,722,502
1155,KARAMANA AT MOONNATTUMUKKU,NAN,27.6,0.6,7,1787,14.1,1.49,8542,17500,2010,13,210,101,120,3,128,257,130,263,819,245
1156,PAMBA AT CHENGANNUR,NAN,28,6.6,6.8,49,0.9,0.56,448,913,2010,14,347,101,127,95,108,666,30,151,620,1050
1207,KABBANI AT MUTHANKARA,NAN,24.3,6.8,7.3,67,0.6,0.4,598,935,2010,19,188,101,78,105,160,813,17,113,713,1061
1208,BHAVANI AT ELACHIVAZHY,NAN,25.8,7.3,7.4,104,0.6,0.44,245,430,2010,20,46,101,94,127,170,19,17,121,388,659
1338,PERIYAR AT SEWAGE DISCHARGE POINT,NAN,27.8,6.5,6.7,39,1.2,0.26,562,4823,2010,26,385,101,125,91,99,577,50,71,699,716
1339,MEENACHIL AT KIDANGOOR,NAN,26.3,7.2,6.5,45,0.9,0.46,1225,1825,2010,27,294,101,100,124,84,636,30,130,113,265
1340,MANIMALA  AT KALLOOPARA,NAN,28.5,7.4,6.9,65,0.9,0.56,575,1455,2010,28,279,101,135,129,114,802,30,151,705,159
1341,PAMBA AT THAKAZHY,NAN,29.3,6.5,6.5,60,1,1.62,420,900,2010,29,350,101,149,91,84,764,39,275,597,1043
1342,ACHENKOIL AT THUMPAMON,NAN,27.6,6.6,6.9,57,0.9,0.37,319,650,2010,30,5,101,120,95,114,739,30,106,492,884
1384,MANIMALA AT THONDRA,NAN,28.1,7.1,7,84,1,0.66,985,1485,2010,31,282,101,128,119,128,920,39,170,866,167
1442,VAMANAPURAM,NAN,27.8,7.5,6.8,56,1.3,0.6,178,540,2010,44,639,101,125,130,108,732,56,159,258,775
1443,ACHENKOIL AT CHENNITHULA,NAN,28.1,5.4,6.7,100,0.9,0.42,463,810,2010,45,0,101,128,62,99,1,30,118,632,994
1563,AMARAVILA,NAN,26.6,7,6.9,66,0.7,0.45,465,900,2010,64,7,101,104,114,114,808,23,125,633,1043
1564,AYUR,NAN,27.8,7.1,6.9,75,0.6,0.73,300,583,2010,65,25,101,125,119,114,868,17,178,468,816
1565,PAMBA DOWN,NAN,29.3,6.5,6.7,70,0.9,1.25,370,800,2010,66,352,101,149,91,99,839,30,242,548,987
1566,THIRURANGADY,NAN,28,6.7,6.6,102,0.8,0.12,295,900,2010,67,570,101,127,100,92,8,25,18,457,1043
1567,KUTTIYADY ESTATE,NAN,23.8,7.1,6.8,27,0.6,0.22,86,198,2010,68,251,101,75,119,108,428,17,56,821,294
1568,VALAYAM,NAN,26.3,6.9,7.1,46,0.5,0.33,225,373,2010,69,633,101,100,109,141,645,12,92,353,592
1569,THALIPARAMBA,NAN,27.9,6.7,6.8,8291,1,0.53,108,250,2010,70,566,101,126,100,108,914,39,148,75,402
1570,HOSDURG,NAN,28.4,6.2,7,12342,1.4,0.27,670,1600,2010,71,157,101,134,79,128,99,64,75,748,208
1571,"KAKKADAVU,  KERALA",NAN,27.1,7.5,7.3,53,0.8,0.31,1253,2225,2010,72,192,101,112,130,160,706,25,88,124,353
1572,PADIYATHADKA,NAN,28.5,7.6,7.3,62,1,0.63,1175,2180,2010,73,342,101,135,133,160,781,39,166,99,343
1573,IRUMPANAM,NAN,28.1,2.2,6.4,625,2.3,1.29,1125,6505,2010,74,181,101,128,20,79,786,197,247,89,886
2284,R NEYYAR AT ARUVIPURAM,NAN,26.4,7.4,6.7,55,0.7,0.51,281,1088,2010,139,428,101,102,129,99,724,23,140,436,36
2285,R MAMOM AT MAMOM BRIDGE,NAN,27.1,7,6.8,103,0.7,0.43,225,640,2010,140,419,101,112,114,108,13,23,119,353,874
2286,R AYROOR AT AYROOR BRIDGE,NAN,26.9,5.3,6.9,109,1.3,0.66,305,685,2010,141,393,101,110,60,114,42,56,170,475,912
2287,R ITHIKKARA AT ITHIKKARA,NAN,28.6,6.3,7,1392,0.7,0.85,230,535,2010,142,398,101,137,84,128,161,23,198,363,769
2288,PALLICKAL AT NELLIMUKAL,NAN,27.9,6.7,7,71,0.5,0.29,208,433,2010,143,346,101,126,100,128,846,12,82,319,665
2289,R KARUVANNURR AT KARUVANNUR BRIDGE,NAN,28.4,6,6.4,57,1.4,0.61,193,303,2010,144,408,101,134,73,79,739,64,162,289,490
2290,PUZHACKAL AT PUZHACKAL BRIDGE,NAN,29,4.2,6.6,93,1.7,0.56,253,385,2010,145,391,101,145,43,92,971,81,151,401,610
2291,R KEECHERI AT VADAKKANCHERY BRIDGE,NAN,28.8,5.1,6.7,88,1.9,0.63,405,713,2010,146,410,101,142,56,99,939,95,166,581,939
2292,R THIRUR AT THALAKKADATHUR BRIDGE,NAN,27.8,5.3,6.4,4912,1.1,0.11,345,788,2010,147,438,101,125,60,79,670,46,15,527,981
2293,R KADALUNDI AT HAJIRAPPALLY,NAN,28.5,6.9,7,84,0.9,0.08,300,803,2010,148,399,101,135,109,128,920,30,9,468,990
2294,R KALLAI AT KALLAI BRIDGE,NAN,26,2.8,7.4,18256,1.6,0.47,1050,2300,2010,149,404,101,96,24,170,266,74,131,68,371
2295,CORAPUZHA AT KANAYANKODE,NAN,26.5,5.3,7.2,9753,0.9,0.26,1600,2650,2010,150,71,101,103,60,150,994,30,71,216,423
2296,R THALLASSERY AT PATHIPPALAM,NAN,28.4,6.5,5.8,67,0.4,0.54,123,520,2010,151,437,101,134,91,64,813,6,149,114,758
2297,ANCHARAKANDY AT MERUVAMBA,NAN,28.1,6.9,6.1,86,0.6,0.49,73,183,2010,152,21,101,128,109,75,929,17,135,773,266
2298,R KUPPAM AT RAYAROM,NAN,26.8,7,6.6,59,0.8,0.42,123,418,2010,153,412,101,109,114,92,747,25,118,114,644
2299,RAMAPURAM AT RAMAPURAM BRIDGE,NAN,28.6,5.6,6.4,7904,1,0.4,165,278,2010,154,440,101,137,67,79,893,39,113,229,442
2300,PERUVAMBA AT CHANDAPPURA,NAN,28.1,6.8,6,55,0.5,0.25,590,910,2010,155,389,101,128,105,73,724,12,68,711,1049
2301,R KAVVAI AT KUTTIYOL PALAM,NAN,29,6,5.9,105,1,0.63,73,195,2010,156,409,101,145,73,65,24,39,166,773,290
2302,NEELASWARAM AT NAMBIARKAL DAM,NAN,28.8,6.3,7,2759,1.4,0.22,963,1400,2010,157,337,101,142,84,128,434,64,56,856,143
1448,NAGAVALLI AT THOTAPALLI REGULATOR,NAN,28,6.5,7.6,312,1.1,2.41,3,354,2010,47,322,101,127,91,189,491,46,370,466,566
2352,"VAMSHADHARA, KALINGAPATNAM, VIZIANAGARAM",NAN,27.4,6.4,7.7,203,1.1,3.34,3,357,2010,173,641,101,117,87,199,313,46,422,466,573
1444,KALI AT D/S WEST COAST PAPER MILL,NAN,28.8,7.3,7.3,308,4.2,2.43,116,185,2010,46,194,101,142,127,160,482,304,372,96,269
1456,"RUSHIKULYA AT GANJAM D/S, ",NAN,30.8,6.8,7.8,23761,1.9,0.67,145,460,2010,50,498,101,165,105,207,377,95,172,177,697
1642,"NAGAVALLI AT JAYKAYPUR D/S, ",NAN,28,7.5,8.1,228,2.1,0.4,3390,5850,2010,83,314,101,127,130,235,361,185,113,520,819
1643,"NAGAVALLI AT RAYAGADA D/S, ",NAN,27.3,7.7,8.1,243,1.6,0.71,1930,4450,2010,84,319,101,116,135,235,386,74,176,290,681
2422,"PENTA U/S, JAYKAYPUR TOWN",NAN,29,7.6,7.9,191,1.4,0.13,1188,1985,2010,174,379,101,145,133,218,293,64,20,102,295
2423,"BUDHABALANGA, D/S OF BARIPADA TOWN",NAN,24.5,7.5,7.9,237,1.8,0.45,1225,2425,2010,175,50,101,80,130,218,376,90,125,113,390
2424,BUDHABALANGA AT BALASORE D/S,NAN,24.8,7.4,7.7,865,1.9,0.3,1300,2675,2010,176,48,101,83,129,199,932,95,84,140,424
2425,"RIVER KERANDI(INTAKE WELL OF NALCO REFINARY, HAL, SUNABEDA)",NAN,25.3,6.7,6.9,132,1.2,0.32,953,1823,2010,177,462,101,88,100,114,139,50,90,852,264
2426,MUNIGUDA (D/S OF M/S VEDANTAALUMINA PROJECT),NAN,26.8,7.1,7.9,211,1.4,0.48,1065,2098,2010,178,305,101,109,119,218,330,64,134,71,321
2427,GUNUPUR (INTERSTATE BOUNDRY),NAN,29,6.7,7.9,182,1.1,0.24,735,1510,2010,179,155,101,145,100,218,265,46,66,775,178
2442,GAUTAMINANGODAVARI RIVER,NAN,29,7.4,8.8,434,2,0.05,NAN,NAN,2010,180,113,101,145,129,253,623,177,6,869,1094
2443,GAUTAMINANGODAVARI RIVER,NAN,28,6.4,8.3,565,2,0.05,NAN,NAN,2010,181,113,101,127,87,244,734,177,6,869,1094
2444,CORINGA RIVER,NAN,28,6.9,8.8,238,4,0.05,NAN,NAN,2010,182,72,101,127,109,253,378,297,6,869,1094
2445,MAHE RIVER,NAN,28,6.3,6.6,425,NAN,NAN,NAN,NAN,2010,183,270,101,127,84,92,615,407,506,869,1094
1159,TAMBIRAPARANI AT BDG.NR. MADURA COATS LTD. PAPAVINASAM,NAN,24.8,7.4,7,75,1.6,0.05,78,118,2010,15,538,101,83,129,128,868,74,6,790,71
1160,"TAMBIRAPARANI AT CHERANMADEVI,CAUSE WAY",NAN,27.2,7.2,6.8,70,1.8,0.09,78,148,2010,16,540,101,113,124,108,839,90,11,790,165
1161,"TAMBIRAPARANI AT TIRUNELVELI, COLLECTORATE.",NAN,27.3,6.6,7,119,2.5,0.33,233,374,2010,17,558,101,116,95,128,80,203,92,368,595
1162,TAMBIRAPARANI AT MURAPPANADU,NAN,28.4,6.9,7,236,1.9,0.25,83,157,2010,18,546,101,134,109,128,374,95,68,810,196
1328,TAMBIRAPARANI AT PAPPANKULAM,NAN,26.8,7,6.9,73,1.7,0.4,87,144,2010,23,549,101,109,114,114,854,81,113,824,153
1329,TAMBIRAPARANI AT RAIL BDG. NR. AMBASAMUDAM,NAN,25.2,7.2,6.9,75,1.5,0.2,83,128,2010,24,552,101,87,124,114,868,69,48,810,105
1330,TAMBIRAPARANI AT ARUMUGANERI,NAN,28.4,6.9,7.2,385,2.3,0.13,108,196,2010,25,536,101,134,109,150,573,197,20,75,291
1450,PALAR AT VANIYAMBADI WATER SUPPLY HEAD WORK,NAN,28.2,6.4,7.6,860,3.3,0.4,253,379,2010,48,344,101,130,87,189,930,263,113,401,601
3026,"TAMBIRAPARANI AT KALLIDAI KURICHI, TIRUNELVELI",NAN,24,7.6,6.6,166,2,1.8,90,140,2010,254,544,101,77,133,92,233,177,290,833,142
3027,"TAMBIRAPARANI AT SRIVAIKUNTAM, D/S OF SK ANAICUT, TIRUNELVELI",NAN,29,6.9,7.2,308,1.9,0.49,60,170,2010,255,556,101,145,109,150,482,95,135,715,234
3028,"TAMBIRAPARANI AT VELLAKOIL, TIRUNELVELI",NAN,25,6.8,6.7,247,2.1,1.84,280,500,2010,256,562,101,85,105,99,395,185,292,434,736
3029,"TAMBIRAPARANI AT SIVALAPERI, CONFLUENCE POINT OF KUTTRALAM FALLS, D/S OF PALAYAMKOTTAI, TIRUNELVELI",NAN,25,6.6,6.9,359,2.3,0.59,110,280,2010,257,554,101,85,95,114,544,197,158,82,447
1025,"GHAGGAR GHNAN1 AT ROAD BRDG. SIRSA,DEBWALI ROAD,HARYANA",NAN,15,6.5,7.6,450,18,12,NAN,NAN,2010,2,143,101,5,91,189,637,162,314,869,1094
1026,"GHAGGAR GHNAN2 AT CHANDARPUR SYPHON,  HARYANA",NAN,23.5,6.1,7.8,825,16,14,NAN,NAN,2010,3,146,101,70,77,207,912,148,318,869,1094
1885,GHAGGAR AT D/S OF SURAJPUR,NAN,NAN,6.5,8.4,240,2.7,0.62,NAN,NAN,2010,107,123,101,178,91,248,380,210,165,869,1094
1887,GHAGGAR BEFORE OTTU WEIR (BEFORE MIXING OF SATLUJ CANAL WATER) (HARYANA),NAN,15,6.9,7.8,480,18,16,NAN,NAN,2010,108,140,101,5,109,207,661,162,329,869,1094
1023,"GHAGGAR AT MUBARAKPUR REST HOUSE (PATIALA), PUNJAB",NAN,20.3,5.6,6.7,807,10.8,2,1825,7500,2010,0,129,101,42,67,99,900,103,346,268,962
1024,"GHAGGAR AT 100M D/S CONF. WITH R. SARASWATI (PATIALA),PUNJAB",NAN,20,4.9,6.8,1097,26.5,4.8,14000,46250,2010,1,116,101,39,54,108,48,246,467,168,701
1295,"GHAGGAR NEAR BANKARPUR,DERA BASSI,PUNJAB",NAN,20,4.9,6.6,834,13.1,2.6,2875,9500,2010,22,148,101,39,54,92,918,120,381,446,1070
1473,"GHAGGAR AT RATANHERI, D/S OF PATIALA NADI (AFTER CONFL.)",NAN,19.8,5.2,6.7,1027,28,5.9,17500,57500,2010,55,131,101,37,59,99,12,253,482,253,809
1718,"GAGGAR  ENTERING IN  FROM HARYANA NR RD NO. 629, ",NAN,32.7,3.3,7.9,897,1.3,0.97,5,12,2010,96,105,101,173,30,218,953,56,215,661,76
1719,"GAGGAR D/S HANUMANGARH NEAR 2 KNJ NAI ABADI, MAKKASR, ",NAN,34.5,4.9,8,510,1.2,0.35,4,8,2010,97,106,101,176,54,232,695,50,102,575,985
1703,"GHAGGER AT MOONAK, PUNJAB",NAN,19.8,5,6.9,1172,25.5,3.8,15500,48750,2010,92,149,101,37,55,114,74,241,440,205,720
1884,KALA AMB D/S MARKANDA RIVER,NAN,27,4.8,7.8,599,534.5,3.75,2200,5000,2010,106,193,101,111,50,207,754,351,439,343,737
1698,"D/S CHHATBIR, PUNJAB",NAN,20.5,4.7,6.7,906,25.3,7.7,23500,47500,2010,86,73,101,43,49,99,959,240,501,374,713
1699,"U/S DHAKANSU NALLAH, PUNJAB",NAN,20.5,5.4,6.8,883,15.4,5.1,9500,21750,2010,87,592,101,43,62,108,942,143,474,850,340
1700,"D/S DHAKANSU NALLAH, PUNJAB",NAN,20.5,5.1,7.6,1069,26.5,6.6,20250,49250,2010,89,74,101,43,56,189,31,246,489,314,725
1701,"D/S JHARMAL NADI, PUNJAB",NAN,21,4.2,7.6,1168,31.8,7.6,20000,46500,2010,90,75,101,47,43,189,72,282,499,309,705
1702,"U/S JHARMAL NADI, PUNJAB",NAN,20.3,4.8,6.6,905,15,3.3,6000,10500,2010,91,593,101,42,50,92,958,141,419,716,22
1704,"D/S SARDULGARH, PUNJAB",NAN,20,4.5,6.6,1269,30.3,4.1,21000,42750,2010,93,78,101,39,47,92,110,278,450,326,655
1705,"U/S SARDULGARH, PUNJAB",NAN,20,4.7,6.7,1216,26.8,3.7,13250,31500,2010,94,596,101,39,49,99,94,247,438,148,517
1717,"KODRA DAM, MOUNT ABU, ",NAN,21.3,5.2,7.3,465,0.9,0.59,4,9,2010,95,232,101,50,59,160,651,30,158,575,1041
2624,MARKANDA U/S KALA AMB,NAN,22.1,7.8,8.2,410,1.2,0.1,16,32,2010,192,293,101,57,137,242,601,50,13,214,523
2625,MARKANDA D/S KALA AMB/ BOUNDARY OF HARYANA,NAN,22.33,6.7,8.12,396,1.53,0.15,10,29,2010,193,292,101,59,100,237,584,71,27,52,468
1871,"MARKANDA AT PAONTA, DISTT. SIRMOUR, H.P.",NAN,21.5,8,8.1,403,0.8,0.1,12,25,2010,105,291,101,52,142,235,593,25,13,105,401
1424,"IMPHAL AT MAHABALI, MANIPUR",NAN,24,4.88,7.94,149,2.65,NAN,NAN,165,2010,37,167,101,77,53,221,195,207,506,869,219
1457,"IMPHAL AT KOIRENGEI, MANIPUR",NAN,22,5.67,7.02,153,1.67,NAN,NAN,22,2010,51,164,101,56,68,130,205,78,506,869,345
1458,"IRIL AT PORAMPET, MANIPUR",NAN,24,6,6.9,300,2.23,NAN,NAN,91,2010,52,177,101,77,73,114,468,193,506,869,1048
1624,"LILONG, MANIPUR",NAN,23,6.15,7.45,234,2,NAN,NAN,222,2010,75,261,101,65,78,174,371,177,506,869,351
1625,"HUMP BRIDGE, MANIPUR",NAN,23,2.7,7.35,357,8.45,NAN,NAN,636,2010,76,159,101,65,23,164,543,389,506,869,869
1626,"HEIRANGOITHONG, MANIPUR",NAN,24,2.98,7.52,422,5.53,NAN,NAN,531,2010,77,156,101,77,26,181,610,341,506,869,767
1627,"KIYAMGI, MANIPUR",NAN,24,5.48,7.42,180,2.08,NAN,NAN,136,2010,78,230,101,77,64,171,261,182,506,869,132
1628,"MINUTHONG(IMPHAL RIVER, MANIPUR",NAN,23,5.13,7.46,162,2.23,NAN,NAN,211,2010,79,299,101,65,57,175,224,193,506,869,327
1427,UMTREW AT BYRNIHAT EAST,NAN,25,7.85,7.13,254,6.68,3.35,345,488,2010,38,625,101,85,138,144,408,364,423,527,721
1428,"KYRHUKHLA NEAR SUTNGA KHLIERIAT,JAINTIA HILLS DT.",NAN,24,6.58,6.5,655,5.93,4,40,60,2010,39,257,101,77,94,84,805,348,448,576,833
1631,"MYNTDU RIVER JOWAI, MEGHALAYA",NAN,20,7.58,7.03,191,2.08,2.65,2350,2900,2010,80,312,101,39,132,132,293,182,384,373,469
1632,"GANOL RIVER TURA, MEGHALAYA",NAN,24,8.23,7.05,137,1.4,3.2,243,323,2010,81,112,101,77,145,136,152,64,416,386,527
1633,SIMSANG RIVER WILLIAMNAGAR,MIZORAM,25,8.23,7.38,143,1.55,3.55,255,360,2010,82,522,92,85,145,169,176,72,433,402,580
2050,TLAWNG UPSTREAM AIZAWL,MIZORAM,22,6.6,7.3,210,1.3,NAN,8.5,242,2010,120,584,92,56,95,160,328,56,506,799,389
2051,TLAWNG DOWNSTREAM AIZAWL,MIZORAM,22,6.8,7.2,220,1.5,NAN,NAN,97,2010,121,582,92,56,105,150,349,69,506,869,1084
2052,TUIRIAL UPPER CATCHMENT,MIZORAM,23,6.8,7,317,1.5,NAN,8,45,2010,122,590,92,65,105,128,498,69,506,798,684
2053,TUIRIAL LOWER CATCHMENT,NAN,23,6.4,6.7,323,1.4,NAN,19,205,2010,123,588,101,65,87,99,505,64,506,279,312
1150,NAN,"DAMANGANGA AT KACHIGAON U\S AT GIDC WIER,GUJARAT",28,7.3,7.4,332,0.7,0.3,6,12,2009,9,335,26,127,127,170,515,23,84,714,76
1246,NAN,"DAMANGANGA AT KACHIGAON D\S (DAMAN),GUJARAT",29,6.5,7.5,21417,16.4,0.4,15,37,2009,21,335,25,145,91,179,338,151,113,191,589
2459,NAN,"DAMANGANGA AT ZARI CAUSE WAY BRIDGE,DAMAN",30,6.1,7.3,11855,12.5,18.6,180,902,2009,184,335,30,157,77,160,78,117,338,262,1046
2460,NAN,"DAMANGANGA DISCHARGE POINT OF DISTILLERY, DAMAN",30,6.3,7.4,24506,136,16.9,158,698,2009,185,335,32,157,84,170,391,128,332,211,925
2461,NAN,"DAMANGANGA AT DAMAN JETTY, MOTI DAMAN",30,5.9,7.5,25343,56.5,7.7,180,1800,2009,186,335,24,157,72,179,407,353,501,262,258
2462,NAN,"DAMANGANGA VAPI WEIR,VAPI, DAMAN",30,6.6,7.8,371,NAN,4.1,180,1800,2009,187,335,33,157,95,207,559,407,450,262,258
2463,NAN,"DAMANGANGA AT LAVACHA TEMPLE, SILVASSA",30,6.2,7.4,368,8,3.2,265,1075,2009,188,335,27,157,79,170,555,384,416,416,31
2464,NAN,"DAMANGANGA D/S OF M/S SURAT BEVERAGES, VILLAGE DADRA, SILVASSA",30,6.7,7.7,354,4,2.6,137,947,2009,189,335,31,157,100,199,540,297,381,160,1068
2465,NAN,"DAMANGANGA AT NAROLI BRIDGE, SILVASSA",33,6.8,8,374,21,1.5,180,1800,2009,190,335,28,174,105,232,561,221,264,262,258
2466,NAN,"DAMANGANGA AT VILLAGE NAMDHA, VAPI",30,5.9,7.4,7173,12,58.1,7,607,2009,191,335,29,157,72,170,847,115,483,758,841
1393,NAN,"DAMANGANGA AT D/S OF MADHUBAN, DAMAN",28,7.3,7.4,332,0.7,0.3,6,12,2009,32,335,23,127,127,170,515,23,84,714,76
1438,NAN,"MINDHOLA AT STATE HIGHWAY BRIDGE SACHIN, GUJARAT",30,4.2,8.2,901,6.7,0.4,9750,21500,2009,43,335,89,157,43,242,956,365,113,863,335
2072,NAN,RIVER BHOGAVO D/S OF SURENDRANAGAR.,28,2.9,8.3,11405,5.6,0.1,49,148,2009,124,335,151,127,25,244,65,343,13,654,165
1400,NAN,"MANDOVI AT NEGHBOURHOOD OF PANAJI, GOA",29,5.5,7.8,401,1.3,0.21,2,5,2009,34,335,82,145,65,207,591,56,53,304,734
1476,NAN,"MANDOVI AT TONCA, MARCELA, GOA",29,6.5,6.8,30190,2.3,0.04,5,8,2009,57,335,83,145,91,108,470,197,5,661,985
1548,NAN,"RIVER ASSONORA AT ASSONORA, GOA",26,6.5,6.4,505,1.6,0.13,8,13,2009,63,335,150,96,91,79,690,74,20,798,110
2275,NAN,"RIVER CHAPORA NEAR ALORNA FORT ,PERNEM",28,7.2,6.9,5350,2.2,0.28,134,206,2009,137,335,153,127,124,114,713,192,79,153,315
2276,NAN,"RIVER BICHOLIM VARAZAN NAGAR , BICHOLIM",28,7,6.8,4800,3,0.32,69,126,2009,138,335,152,127,114,108,662,255,90,754,99
1092,NAN,"KALU AT ATALE VILLAGE, MAHARASHTRA",28,5.5,7.7,8092,7.6,0.72,410,800,2009,4,335,63,127,65,199,902,379,177,587,987
1462,NAN,"PATALGANGA NEAR INTAKE OF MIDC W/W, MAHARASHTRA",26,6.9,7.3,229,3.8,0.68,108,257,2009,54,335,112,96,109,160,362,274,173,75,415
2168,NAN,MITHI RIVER,34,3.3,7.6,29464,19.4,1.78,1195,1536,2009,129,335,91,175,30,189,457,171,288,104,186
2198,NAN,KUNDALIKA RIVER AT ARE KHURD ( SALINE ZONE ),32,5.4,7.2,925,11.7,0.78,279,512,2009,130,335,75,170,62,150,969,112,186,432,751
1151,NAN,"PATALGANGA AT SHILPHATA, MAHARASHTRA",26,7,7.4,225,3.8,0.26,152,375,2009,10,335,111,96,114,170,356,274,71,198,596
1152,NAN,"KUNDALIKA AT ROHA CITY, MAHARASHTRA",35,6.6,8.1,102,3.9,0.26,165,345,2009,11,335,74,177,95,235,8,277,71,229,552
17,NAN,"PERIYAR NEAR ALWAYENANELOOR, KERALA",28,8.1,6.3,1414,1.1,0.31,100,690,2009,88,335,115,127,143,78,170,46,88,53,921
18,NAN,"PERIYAR AT KALADY, KERALA",27,6.9,6.8,41,0.8,0.22,261,1487,2009,99,335,113,111,109,108,599,25,56,410,169
20,NAN,"CHALIYAR AT KOOLIMADU, KERALA",27,6.9,6.9,78,0.5,0.23,393,703,2009,116,335,16,111,109,114,888,12,62,572,933
21,NAN,"CHALIYAR AT CHUNGAPALLY, KERALA",26,6.7,6.9,5507,0.6,0.28,433,715,2009,126,335,15,96,100,114,726,17,79,610,942
42,NAN,"KALLADA AT PERUMTHOTTAMKADAVU, PUNALOOR, KERALA",27,7.3,7,49,0.7,0.66,228,445,2009,318,335,62,111,127,128,666,23,170,359,680
43,NAN,"MUVATTAPUZHA AT VETTIKKATTUMUKKU, KERALA",28,6.7,6.7,67,1.3,0.4,309,1025,2009,319,335,93,127,100,99,813,56,113,481,12
1154,NAN,"CHALAKUDY AT PULICKALKANANDAVU, KERALA",29,6.5,6.6,109,1.2,0.37,142,679,2009,12,335,14,145,91,92,42,50,106,171,906
1155,NAN,"KARAMANA AT MOONNATTUMUKKU, KERALA",26,0.7,6.6,4235,12.5,1.48,40833,59417,2009,13,335,64,96,4,92,612,117,262,585,828
1156,NAN,"PAMBA AT CHENGANNUR, KERALA",27,6.9,6.5,108,1,0.42,540,1083,2009,14,335,108,111,109,84,37,39,118,689,35
1338,NAN,"PERIYAR AT SEWAGE DISCHARGE POINT, KERALA",28,6.4,6.6,48,1,0.25,154,603,2009,26,335,114,127,87,92,660,39,68,202,837
1339,NAN,"MEENACHIL AT KIDANGOOR, KERALA",26,7.2,6.7,109,0.8,0.44,1000,1400,2009,27,335,87,96,124,99,42,25,121,54,143
1340,NAN,"MANIMALA  AT KALLOOPARA, KERALA",29,6.8,7.1,61,1.5,0.5,130,485,2009,28,335,84,145,105,141,775,69,137,139,719
1341,NAN,"PAMBA AT THAKAZHY, KERALA",28,6.1,6.7,244,0.9,0.33,655,1113,2009,29,335,109,127,77,99,389,30,92,742,49
1384,NAN,"MANIMALA AT THONDRA, KERALA",28,7.1,7,59,0.8,0.71,540,890,2009,31,335,85,127,119,128,747,25,176,689,1035
1563,NAN,"NEYYAR AMARAVILA, KERALA",26,7.2,6.7,73,0.9,0.28,335,2150,2009,64,335,104,96,124,99,854,30,79,515,334
1565,NAN,"PAMBA DOWN, KERALA",29,6.1,6.7,55,1.4,0.55,825,1450,2009,66,335,110,145,77,99,724,64,150,808,156
1567,NAN,"KUTTIYADY ESTATE, KERALA",26,6.9,6.7,198,0.3,0.2,40,180,2009,68,335,77,96,109,99,304,5,48,576,257
1568,NAN,"MAHI VALAYAM, KERALA",27,7.3,6.5,44,0.5,0.21,233,400,2009,69,335,81,111,127,84,627,12,53,368,627
1569,NAN,"KUPPAM THALIPARAMBA, KERALA",28,6.2,6.6,15738,1,0.93,233,360,2009,70,335,76,127,79,92,216,39,209,368,580
1570,NAN,"NEELASHWER HOSDURG, KERALA",29,5.2,7.1,18459,1,0.13,518,918,2009,71,335,102,145,59,141,272,39,20,678,1051
1571,NAN,"KORINGODA KAKKADAVU,  KERALA",28,7.4,7,45,1.1,0.11,1043,1933,2009,72,335,72,127,129,128,636,46,15,65,286
1572,NAN,"CHANDRIGIRI PADIYATHADKA, KERALA",28,7.6,6.7,52,1.1,0.11,613,963,2009,73,335,18,127,133,99,702,46,15,723,1079
2284,NAN,R NEYYAR AT ARUVIPURAM,26,6.6,6.7,72,0.7,0.32,463,1655,2009,139,335,137,96,95,99,849,23,90,632,222
2285,NAN,R MAMOM AT MAMOM BRIDGE,26,6.4,6.7,122,0.7,0.34,343,1630,2009,140,335,133,96,87,99,95,23,96,526,215
2286,NAN,R AYROOR AT AYROOR BRIDGE,26,5.4,6.6,102,0.9,0.26,240,1913,2009,141,335,119,96,62,92,8,30,71,384,284
2287,NAN,R ITHIKKARA AT ITHIKKARA,27,6.2,7,5656,0.9,1.05,162,289,2009,142,335,123,111,79,128,735,30,227,222,467
2288,NAN,R PALLICKAL AT NELLIMUKAL,27,6.9,7.1,71,0.5,0.26,125,246,2009,143,335,138,111,109,141,846,12,71,121,397
2289,NAN,R KARUVANNURR AT KARUVANNUR BRIDGE,28,6.7,6.5,55,0.9,0.6,265,500,2009,144,335,128,127,100,84,724,30,159,416,736
2290,NAN,R PUZHACKAL AT PUZHACKAL BRIDGE,28,5.7,6.7,127,1.9,0.35,221,473,2009,145,335,143,127,69,99,112,95,102,345,711
2291,NAN,R KEECHERI AT VADAKKANCHERY BRIDGE,28,6,6.9,77,1.8,0.61,290,500,2009,146,335,130,127,73,114,881,90,162,452,736
2292,NAN,R THIRUR AT THALAKKADATHUR BRIDGE,28,5.2,6.1,4968,1.1,0.14,235,820,2009,147,335,147,127,59,75,675,46,23,372,1001
2293,NAN,R KADALUNDI AT HAJIRAPPALLY,28,7.4,6.4,78,1.2,0.12,280,720,2009,148,335,124,127,129,79,888,50,18,434,946
2294,NAN,R KALLAI AT KALLAI BRIDGE,27,3.5,7.3,20430,1.3,0.62,560,1290,2009,149,335,127,111,33,160,318,56,165,698,109
2295,NAN,R CORAPUZHA AT KANAYANKODE,27,6,7.1,13257,1.1,0.14,750,1465,2009,150,335,122,111,73,141,141,46,23,780,161
2296,NAN,R THALLASSERY AT PATHIPPALAM,28,6.4,6.1,62,0.7,0.28,213,425,2009,151,335,146,127,87,75,781,23,79,331,650
2297,NAN,R ANCHARAKANDY AT MERUVAMBA,27,6.6,6.3,59,1,0.16,248,385,2009,152,335,118,111,95,78,747,39,32,392,610
2298,NAN,R KUPPAM AT RAYAROM,27,7.1,6.4,59,0.9,0.13,178,275,2009,153,335,132,111,119,79,747,30,20,258,436
2299,NAN,R RAMAPURAM AT RAMAPURAM BRIDGE,28,6.4,7.1,7035,0.8,0.19,110,195,2009,154,335,144,127,87,141,842,25,43,82,290
2300,NAN,R PERUVAMBA AT CHANDAPPURA,28,7.3,6.2,51,0.9,0.21,195,340,2009,155,335,141,127,127,77,693,30,53,294,546
2301,NAN,R KAVVAI AT KUTTIYOL PALAM,29,6.8,6.5,80,0.8,0.26,53,100,2009,156,335,129,145,105,84,899,25,71,682,3
2302,NAN,R NEELASWARAM AT NAMBIARKAL DAM,28,6.4,6.7,3131,2.2,0.12,820,1055,2009,157,335,136,127,87,99,493,192,18,807,24
2303,NAN,R PULLUR AT PULLUR BR.,27,5.8,6.5,59,1.5,0.13,1800,2788,2009,158,335,142,111,70,84,747,69,20,263,444
2304,NAN,R MOGRAL AT MOGRAL BR.,28,5.2,7.2,19885,1.2,0.18,843,2275,2009,159,335,135,127,59,150,305,50,40,816,364
2305,NAN,R SHRIYA AT ANGADIMOGARU,27,7.7,6.8,67,0.9,0.08,1740,2257,2009,160,335,145,111,135,108,813,30,9,250,360
2306,NAN,R UPPALA AT  UPPALA BR.,28,5.7,7.2,19085,1.4,0.09,1845,2785,2009,161,335,148,127,69,150,292,64,11,272,443
2307,NAN,R MANJESWAR AT BAJRAKKARA BR.,25,6.7,6.3,177,1.2,0.2,1583,2807,2009,162,335,134,85,100,78,253,50,48,213,450
2319,NAN,R ANCHARAKANDY AT MERUVAMBA,28,6.4,6.4,4165,1.2,0.13,168,303,2009,163,335,118,127,87,79,606,50,20,240,490
2326,NAN,R KORAYAR AT KANJIKODE,27,6.2,7.6,498,0.4,0.28,613,1400,2009,164,335,131,111,79,189,677,6,79,723,143
2331,NAN,R BHARATHAPUZHA AT KUTTIPPURAM,27,6.8,7.5,119,0.4,0.18,478,918,2009,165,335,120,111,105,179,80,6,40,641,1051
2332,NAN,R BHARATHAPUZHA AT PATTAMBI,27,7.1,7.6,161,0.5,0.19,710,1675,2009,166,335,121,111,119,189,221,12,43,766,227
2335,NAN,R PERIYAR AT KALAMASSERY,29,4.7,6.6,69,1.8,0.26,234,1083,2009,169,335,139,145,49,92,822,90,71,370,35
2336,NAN,R PERIYAR AT PURAPPALLIKAVU,28,6.5,6.6,1204,1.2,0.24,175,689,2009,170,335,140,127,91,92,87,50,66,252,919
2337,NAN,R KADAMBAYAR AT BRAHMAPURAM,28,1.4,6.2,129,2.2,0.48,351,882,2009,171,335,125,127,10,77,125,192,134,537,1031
2338,NAN,R KADAMBAYAR AT MANCKAKADAVU,28,1.5,6.3,73,1.5,0.12,298,1225,2009,172,335,126,127,11,78,854,69,18,462,84
1448,NAN,"NAGAVALLI AT THOTAPALLI REGULATOR, A.P.",28,7,7.5,226,1.1,2.3,3,83,2009,47,335,98,127,114,179,358,46,365,466,1004
1642,NAN,"NAGAVALLI AT JAYKAYPUR D/S, ORISSA",28,7.2,8.2,315,1.7,1.7,2600,4275,2009,83,335,96,127,124,242,495,81,282,408,654
1643,NAN,"NAGAVALLI AT RAYAGADA D/S, ORISSA",28,7.6,8.1,301,1.5,0.5,2360,4175,2009,84,335,97,127,133,235,469,69,137,377,643
2422,NAN,"NAGAVALI PENTA U/S, JAYKAYPUR TOWN",28,7.3,8,225,1.3,0.5,1295,2175,2009,174,335,95,127,127,232,356,56,137,135,339
2442,NAN,GAUTAMINANGODAVARI RIVER,33,7.7,7.8,220,4,11,NAN,NAN,2009,180,335,35,174,135,207,349,297,311,869,1094
2443,NAN,GAUTAMINANGODAVARI RIVER,33,7.1,7.6,406,3,15.8,NAN,NAN,2009,181,335,35,174,119,189,595,255,328,869,1094
2444,NAN,CORINGA RIVER,33,6.8,7.4,309,7,15.3,NAN,NAN,2009,182,335,19,174,105,170,484,371,324,869,1094
2445,NAN,MAHE RIVER,28,5.1,8.4,4120,3,108.7,NAN,NAN,2009,183,335,80,127,56,248,602,255,310,869,1094
1450,NAN,"PALAR AT VANIYAMBADI WATER SUPPLY HEAD WORK, TAMILNADU",26,6.7,7.4,544,2,0.3,158,253,2009,48,335,107,96,100,170,722,177,84,211,408
1444,NAN,"KALI AT D/S WEST COAST PAPER MILL, KARNATAKA",27,7,7.2,286,9.5,0.9,85,189,2009,46,335,61,111,114,150,445,400,206,817,277
1892,NAN,NETRAVATHI U/S OF DHARMASTALA AT WATER SUPPLY INTAKE POINT,28,6.4,7,307,1,NAN,457,507,2009,109,335,103,127,87,128,480,39,506,628,745
1894,NAN,KUMARADHARA NAN U/S OF UPPINAGADY TOWN BEFORE CONFLUENCE WITH RIVER NETHRAVATHI,29,6.6,7.1,250,1.5,NAN,74,544,2009,110,335,73,145,95,141,399,69,506,777,785
1023,NAN,"GHAGGAR AT MUBARAKPUR REST HOUSE (PATIALA), PUNJAB",22,6,7.3,755,6,2.1,1000,4950,2009,0,335,41,56,73,160,873,356,352,54,728
1024,NAN,"GHAGGAR AT 100M D/S CONF. WITH R. SARASWATI (PATIALA),PUNJAB",21,4.9,7.4,892,14,4.4,8000,75000,2009,1,335,36,47,54,170,947,129,458,802,963
1025,NAN,"GHAGGAR GHNAN1 AT ROAD BRDG. SIRSA,DEBWALI ROAD,HARYANA",22,6.4,7.1,1085,8.5,8.1,NAN,NAN,2009,2,335,47,56,87,141,39,390,503,869,1094
1026,NAN,"GHAGGAR GHNAN2 AT CHANDARPUR SYPHON,  HARYANA",20,5.6,8.1,905,11.5,7.1,NAN,NAN,2009,3,335,48,39,67,235,958,110,496,869,1094
1295,NAN,"GHAGGAR NEAR BANKARPUR,DERA BASSI,PUNJAB",22,5,6.7,813,7.5,2.2,1300,9000,2009,22,335,49,56,55,99,905,378,360,140,1044
1473,NAN,"GHAGGAR AT RATANHERI, D/S OF PATIALA NADI (AFTER CONFL.), PUNJAB",21,5.6,7.3,964,14,4.2,8000,70000,2009,55,335,42,47,67,160,985,129,454,802,929
1698,NAN,"GHAGGAR AT D/S CHHATBIR, PUNJAB",20,5.7,7.4,968,9.5,3.1,5000,25500,2009,86,335,37,39,69,170,987,400,413,664,412
1699,NAN,"GHAGGAR AT U/S DHAKANSU NALLAH, PUNJAB",21,5.3,7.4,779,10,3.1,7000,52500,2009,87,335,43,47,60,170,887,98,413,761,762
1700,NAN,"D/S DHAKANSU NALLAH, PUNJAB",21,4.8,7.4,825,19,4.6,9500,75000,2009,89,335,20,47,50,170,912,169,463,850,963
1701,NAN,"GHAGGAR AT D/S JHARMAL NADI, PUNJAB",23,2.9,7.3,1035,13,3.9,3050,27500,2009,90,335,38,65,25,160,15,119,444,476,438
1702,NAN,"GHAGGAR AT U/S JHARMAL NADI, PUNJAB",21,4.5,7.2,885,10.5,3.3,1100,12000,2009,91,335,44,47,47,150,944,101,419,83,79
1703,NAN,"GHAGGER AT MOONAK, PUNJAB",20,4.8,7.5,896,10,4.1,7000,70000,2009,92,335,50,39,50,179,951,98,450,761,929
1704,NAN,"GHAGGAR AT D/S SARDULGARH, PUNJAB",24,3.1,7.6,1130,11.5,4.1,9000,75000,2009,93,335,39,77,28,189,62,110,450,835,963
1705,NAN,"GHAGGAR AT U/S SARDULGARH, PUNJAB",25,3.1,7.6,1000,10,3.7,6000,62500,2009,94,335,45,85,28,189,2,98,438,716,858
1884,NAN,GHAGGAR AT KALA AMB D/S MARKANDA RIVER,28,1.9,8.4,2187,354,5.4,NAN,NAN,2009,106,335,40,127,14,248,347,290,477,869,1094
1887,NAN,GHAGGAR BEFORE OTTU WEIR (BEFORE MIXING OF SATLUJ CANAL WATER) (HARYANA),16,7.2,6.2,930,8,1.5,NAN,NAN,2009,108,335,46,6,124,77,973,384,264,869,1094
1717,NAN,"KODRA DAM, MOUNT ABU, RAJASTHAN",23,4.8,7.3,260,0.8,1.1,3,7,2009,95,335,71,65,50,160,415,25,229,466,927
1424,NAN,"IMPHAL AT MAHABALI, MANIPUR",23,7.6,7.5,307,1.5,NAN,NAN,153,2009,37,335,58,65,133,179,480,69,506,869,185
1457,NAN,"IMPHAL AT KOIRENGEI, MANIPUR",23,8.4,7.4,106,1.4,NAN,NAN,36,2009,51,335,57,65,148,170,26,64,506,869,579
1458,NAN,"IRIL AT PORAMPET, MANIPUR",23,9,7.8,221,1.3,NAN,NAN,77,2009,52,335,59,65,157,207,350,56,506,869,969
1624,NAN,"IRIL LILONG, MANIPUR",25,8.7,7.4,318,1.5,NAN,NAN,132,2009,75,335,60,85,153,170,499,69,506,869,118
1625,NAN,"NAMBUL HUMP BRIDGE, MANIPUR",25,1.9,7.3,537,9.9,NAN,NAN,525,2009,76,335,100,85,14,160,714,406,506,869,761
1626,NAN,"NAMBUL HEIRANGOITHONG, MANIPUR",25,7.7,7.3,550,10.4,NAN,NAN,603,2009,77,335,99,85,135,160,725,100,506,869,837
1627,NAN,"KIYAMGI, Imphal, MANIPUR",25,7.9,7.6,185,1.3,NAN,NAN,115,2009,78,335,70,85,139,189,273,56,506,869,61
1628,NAN,"MINUTHONG IMPHAL RIVER, MANIPUR",26,8,7.6,202,2.5,NAN,NAN,85,2009,79,335,90,96,142,189,312,203,506,869,1019
1925,NAN,KHUGA RIVER (CHURACHANDPUR DIST.),25,7.4,7.6,214,1.8,NAN,NAN,148,2009,111,335,68,85,129,189,335,90,506,869,165
1926,NAN,"KHUJAIROK RIVER, MOREH (CHANDEL DIST.)",23,8.3,7.7,185,2,NAN,NAN,75,2009,112,335,69,65,146,199,273,177,506,869,961
1428,NAN,"KHARKHLA NEAR SUTNGA KHLIERIAT,JAINTIA HILLS DT.,MEGHALAYA",19,8.8,7.2,131,0.9,NAN,NAN,205,2009,39,335,67,28,154,150,133,30,506,869,312
1403,NAN,"GUMTI AT U/S SOUTH TRIPURA,TRIPURA",28,6.6,7.7,143,1.3,0,201,322,2009,35,335,54,127,95,199,176,56,1,310,526
1404,NAN,"GUMTI AT D/S SOUTH TRIPURA, TRIPURA",29,6.3,7.6,164,2.8,0.1,442,577,2009,36,335,53,145,84,189,229,214,13,615,810
1726,NAN,"CHANDRAPUR, AGARTALA D/S OF HAORA RIVER, TRIPURA",28,5.7,7.8,170,3.4,0.2,469,608,2009,98,335,17,127,69,207,244,264,48,636,842
1631,NAN,MYNTDU JAINTIA HILLS MEGHALAYA,21,6.4,7.025,187.63,3.175,2.675,2225,2925,2009,80,335,94,47,87,131,282,258,387,348,472
1632,NAN,"GANOL, TURA, MEGHALAYA",24,8.45,6.95,104.25,1.2,2.6,222.5,312.5,2009,81,335,34,77,149,119,20,50,381,347,512
1393,"DAMANGANGA AT D/S OF MADHUBAN, DAMAN",NAN,NAN,NAN,7.6,281,NAN,2.13,NAN,NAN,2008,32,83,101,178,165,189,441,407,354,869,1094
1150,"DAMANGANGA AT KACHIGAON U\S AT GIDC WIER,GUJARAT",NAN,25,7.2,7.8,262,0.28,0.15,19,50,2008,9,91,101,85,124,207,417,4,27,279,735
1246,"DAMANGANGA AT KACHIGAON D\S (DAMAN),GUJARAT",NAN,25,4.9,7.4,10362,9.7,0.64,14,29,2008,21,89,101,85,54,170,17,402,167,165,468
1860,BALEHWAR KHADI AT N.H. NO. 8,NAN,27,5.1,7.8,530,2.73,0.6,64125,137000,2008,100,28,101,111,56,207,707,211,159,732,135
1861,RIVER PURNA ON BRIDGE AT SURATNANNAVSARI HIGHWAY,NAN,28,6,8.2,612,2.28,0.4,28650,68650,2008,101,479,101,127,73,242,776,196,113,445,915
1862,RIVER KAVERI ON BRIDGE AT BILLIMORANANVALSAD ROAD,NAN,30,6.1,8.1,8782,1.9,0.43,16100,38667,2008,102,461,101,157,77,235,938,95,119,218,612
1865,RIVER DHADAR AT KOTHADA,NAN,27,1.1,7.8,1076,7.67,0.63,28,77,2008,103,454,101,111,8,207,36,380,166,433,969
1148,"AMBIKA AT BILIMORA, GUJARAT",NAN,29,6.8,8,3431,2.8,0.3,32120,49061,2008,7,15,101,145,105,232,529,214,84,497,724
1149,"KOLAK AT PATALIA BDG., GUJARAT",NAN,25,4.5,7.6,1161,7.43,0.53,99,259,2008,8,236,101,85,47,189,70,376,148,867,418
1435,"KOLAK AT RAILWAY BRIDGE NO. 313 VAPI,VALSAD, GUJARAT",NAN,25,6,7.3,8838,5.58,0.7,14,31,2008,41,238,101,85,73,160,943,342,175,165,505
1434,"AMLAKHADI AFTER CONFL. OF W. WATER FROM ANKLESH,GUJARAT",NAN,30,0,7.1,3080,46,4.8,3000,9000,2008,40,17,101,157,0,141,483,330,467,469,1044
1438,"MINDHOLA AT STATE HIGHWAY BRIDGE SACHIN, GUJARAT",NAN,28,2.8,7.9,663,5.93,0.97,150250,358000,2008,43,298,101,127,24,218,809,348,215,194,576
1436,"BHADAR D/S JETPUR VILL. AFTER CONF. OF W.WATER FROM JETPUR CITY,GUJARAT",NAN,29,5.6,8,1265,2.13,0.1,503,1693,2008,42,35,101,145,67,232,108,187,13,665,232
2072,RIVER BHOGAVO D/S OF SURENDRANAGAR.,NAN,28,4.1,7.9,4491,16.5,0.1,58,116,2008,124,449,101,127,41,218,635,152,13,707,63
2082,"TRIVENI SANGAM, NR. SOMNATH TEMPLE, VERAVAL, DIST. JUNAGADH.",NAN,29,6.3,7.9,43983,1.83,1.22,105,188,2008,125,587,101,145,84,218,626,92,238,67,275
1399,"ZUARI AT D/S OF PT. WHERE KUMBARJRIA CANAL JOINS, GOA",NAN,30,6.6,7.8,37,2.25,0.01,10,13,2008,33,664,101,157,95,207,557,195,2,52,110
1475,ZUARI AT PANCHAWADI,NAN,28,6.8,7.1,11,1.65,0.07,22,33,2008,56,665,101,127,105,141,49,76,8,341,535
1476,"MANDOVI AT TONCA, MARCELA, GOA",NAN,27,6.5,7.5,28,4.55,0.05,20,44,2008,57,277,101,111,91,179,437,312,6,306,674
1400,"MANDOVI AT NEGHBOURHOOD OF PANAJI, GOA",NAN,28,7.1,8,49,1.25,0.02,3,7,2008,34,275,101,127,119,232,666,52,3,466,927
1543,"RIVER KALNA AT CHANDELNAN PERNEM, GOA",NAN,26,7.6,7.3,93,0.95,0.03,240,350,2008,58,459,101,96,133,160,971,34,4,384,561
1544,"RIVER VALVANT AT SANKLI NAN BICHOLIM, GOA",NAN,26,7.4,7,67,2.45,0.13,467,809,2008,59,493,101,96,129,128,813,202,20,634,992
1545,"RIVER MADAI AT DABOS NAN  VALPOI, GOA",NAN,27,7,7.3,89,1.5,0.02,30,42,2008,60,470,101,111,114,160,945,69,3,467,645
2270,"RIVER KHANDEPAR AT CODLI NEAR BRIDGE ,U/S OPA WATERWORKS,SANGUEM",NAN,29,5.4,7.3,75,1.8,0.06,350,2400,2008,132,463,101,145,62,160,868,90,7,534,386
1546,"RIVER KHANDEPAR AT OPA NAN PONDA, GOA",NAN,28,6.7,7.2,95,1.4,0.1,18,22,2008,61,465,101,127,100,150,979,64,13,261,345
1547,"RIVER TALPONA AT CANACONA, GOA",NAN,28,6.8,6.9,58,1.9,0.03,25,53,2008,62,490,101,127,105,114,742,95,4,395,765
1548,"RIVER ASSONORA AT ASSONORA, GOA",NAN,25,5.6,6.8,67,1.9,0.06,82,137,2008,63,445,101,85,67,108,813,95,7,806,134
2271,"RIVER SAL PAZORKHONI,CUNCOLIM(NEAR CULVERT MARGAONAN CANACONA NATIONAL HIGHWAY)",NAN,28,5.2,7.2,29,1.65,0.04,37,144,2008,133,484,101,127,59,150,450,76,5,547,153
2272,"RIVER KUSHAWATI NEAR BUND AT KEVONA,RIVON,SANGUEM",NAN,26,6.2,7.1,146,2.1,0.09,920,2400,2008,134,466,101,96,79,141,189,185,11,841,386
2274,RIVER MAPUSA ON CULVERT ON HIGHWAY MAPUSANANPANAJI,NAN,31,3.6,7,29,2,0.09,33,170,2008,136,474,101,167,34,128,450,177,11,507,234
2275,"RIVER CHAPORA NEAR ALORNA FORT ,PERNEM",NAN,30,6.8,7.2,1370,2.6,0.08,33,110,2008,137,453,101,157,105,150,153,206,9,507,42
2276,"RIVER BICHOLIM VARAZAN NAGAR , BICHOLIM",NAN,28,8.1,7.1,335,3.2,0.21,1300,5400,2008,138,451,101,127,143,141,519,259,53,140,776
1093,"ULHAS AT U/S OF NRC BUND AT MOHANE, MAHARASHTRA",NAN,26,6.3,7.6,119,3.67,0.37,157,781,2008,5,600,101,96,84,189,80,270,106,208,975
1094,"ULHAS AT U/S OF BADLAPUR, MAHARASHTRA",NAN,27,6.4,7.6,109,3.4,0.42,95,316,2008,6,598,101,111,87,189,42,264,118,849,518
2162,ULHAS RIVER ATJAMBHUL WATER WORKS.,NAN,27,5.9,7.2,119,4.04,0.65,133,223,2008,127,604,101,111,72,150,80,299,168,151,355
1461,"BHATSA AT D/S OF PISE DAM NEAR PISE VILLAGE (ULHAS), MAHARASHTRA",NAN,25,5.3,7.7,109,3.25,0.38,165,296,2008,53,41,101,85,60,199,42,261,107,229,478
1092,"KALU AT ATALE VILLAGE, MAHARASHTRA",NAN,26,6,7.8,301,5.43,0.3,166,1050,2008,4,206,101,96,73,207,469,339,84,232,21
1462,"PATALGANGA NEAR INTAKE OF MIDC W/W, MAHARASHTRA",NAN,22,6.6,7.2,131,4.5,0.83,285,737,2008,54,362,101,56,95,150,133,311,195,442,955
1151,"PATALGANGA AT SHILPHATA, MAHARASHTRA",NAN,22,6.8,7.2,110,3.9,0.49,480,1036,2008,10,359,101,56,105,150,50,277,135,643,16
1152,"KUNDALIKA AT ROHA CITY, MAHARASHTRA",NAN,27,6.7,7.6,109,4.13,0.28,260,624,2008,11,244,101,111,100,189,42,302,79,407,856
2198,KUNDALIKA RIVER AT ARE KHURD ( SALINE ZONE ),NAN,29,5.2,7,478,16.3,0.35,500,1008,2008,130,246,101,145,59,128,659,150,102,663,8
2164,VASHISTI RIVER AT U/S OF THREE M PAPER MILLS NEAR M/S MULTIFILMS PLASTIC PVT. LTD. AT KHERDI.,NAN,21,6.9,6.6,291,1.96,1.4,4,104,2008,128,653,101,47,109,92,452,96,256,575,17
2168,MITHI RIVER,NAN,32,0.7,7.3,12697,45.6,1.32,642,1259,2008,129,300,101,170,4,160,111,328,249,733,98
2199,SAVITRI RIVER AT OVALE VILLAGE.,NAN,23,6.8,6.6,6232,2.13,2.72,6,106,2008,131,517,101,65,105,92,785,187,388,714,26
17,"PERIYAR NEAR ALWAYENANELOOR, KERALA",NAN,29,6.2,6.5,1638,1.5,0.8,349,816,2008,88,388,101,145,79,84,228,69,190,532,997
18,"PERIYAR AT KALADY, KERALA",NAN,28,7.3,6.6,36,0.6,0.41,304,1056,2008,99,382,101,127,127,92,545,17,115,474,25
1338,"PERIYAR AT SEWAGE DISCHARGE POINT, KERALA",NAN,28,6.4,6.7,41,1,0.75,443,1179,2008,26,386,101,127,87,99,599,39,182,616,70
2335,R PERIYAR AT KALAMASSERY,NAN,28,5.1,6.8,52,1.6,0.22,555,1680,2008,169,430,101,127,56,108,702,74,56,695,229
2334,RIVER PERIYAR AT PATHALAM,NAN,28,6.8,6.7,183,1.3,0.28,358,1748,2008,168,478,101,127,105,99,268,56,79,542,243
2333,RIVER PERIYAR AT MUPPATHADAM,NAN,27,6.3,6.3,115,0.9,0.5,455,2865,2008,167,477,101,111,84,78,66,30,137,626,461
2336,R PERIYAR AT PURAPPALLIKAVU,NAN,28,7.2,6.7,455,1.1,0.28,245,753,2008,170,431,101,127,124,99,643,46,79,388,964
20,"CHALIYAR AT KOOLIMADU, KERALA",NAN,27,6.8,6.9,80,0.4,0.52,207,508,2008,116,62,101,111,105,114,899,6,145,318,746
21,"CHALIYAR AT CHUNGAPALLY, KERALA",NAN,27,6.8,7,4515,0.4,1.53,184,427,2008,126,59,101,111,105,128,639,6,266,271,653
42,"KALLADA AT PERUMTHOTTAMKADAVU, PUNALOOR, KERALA",NAN,29,7.7,7.2,47,1,2,253,452,2008,318,202,101,145,135,150,655,39,346,401,688
43,"MUVATTAPUZHA AT VETTIKKATTUMUKKU, KERALA",NAN,29,7.1,6.8,57,1.5,1.12,230,681,2008,319,307,101,145,119,108,739,69,231,363,910
1154,CHALAKUDY AT PULICKALKANANDAVU,NAN,29,6.6,6.3,148,1.2,0.93,190,935,2008,12,56,101,145,95,78,193,50,209,280,1061
1155,KARAMANA AT MOONNATTUMUKKU,NAN,26,1.8,6.8,2012,5.5,1.8,20458,31167,2008,13,210,101,96,13,108,311,340,290,316,510
1156,"PAMBA AT CHENGANNUR, KERALA",NAN,26,6.7,6.2,40,0.6,1,425,1100,2008,14,348,101,96,100,77,590,17,220,600,43
1341,"PAMBA AT THAKAZHY, KERALA",NAN,26,5.8,6.3,65,1.1,2.97,525,1200,2008,29,351,101,96,70,78,802,46,398,680,78
1565,"PAMBA DOWN, KERALA",NAN,26,5.1,6.3,50,1,3.1,700,1600,2008,66,353,101,96,56,78,685,39,413,760,208
1339,"MEENACHIL AT KIDANGOOR, KERALA",NAN,26,6.6,6.2,42,0.6,1.97,475,925,2008,27,295,101,96,95,77,609,17,300,640,1054
1340,"MANIMALA  AT KALLOOPARA, KERALA",NAN,27,6.6,6.4,43,0.7,3.13,400,975,2008,28,281,101,111,95,79,620,23,415,577,1085
1384,"MANIMALA AT THONDRA, KERALA",NAN,27,6.7,6.4,50,0.5,3.6,500,1175,2008,31,283,101,111,100,79,685,12,435,663,68
1342,"ACHENKOIL AT THUMPAMON, KERALA",NAN,26,6.6,6.3,46,0.6,1.07,624,1010,2008,30,6,101,96,95,78,645,17,228,726,10
1443,"ACHENKOIL AT CHENNITHULA, KERALA",NAN,27,5.9,6.4,54,0.7,3.53,375,985,2008,45,1,101,111,72,79,716,23,432,552,1087
1442,"VAMANAPURAM, KERALA",NAN,27,7.6,6.7,55,0.7,4.17,295,1575,2008,44,640,101,111,133,99,724,23,453,457,199
1563,"AMARAVILA, KERALA",NAN,27,6.5,6.7,72,0.8,2.83,30,775,2008,64,8,101,111,91,99,849,25,392,467,972
1564,"AYUR, KERALA",NAN,29,7.3,7.4,71,0.7,4.1,490,940,2008,65,26,101,145,127,170,846,23,450,655,1063
1566,"THIRURANGADY, KERALA",NAN,27,6.3,6.7,79,0.7,2.03,190,702,2008,67,571,101,111,84,99,892,23,348,280,932
1567,"KUTTIYADY ESTATE, KERALA",NAN,26,6.9,6.6,33,0.4,1.4,0,28,2008,68,252,101,96,109,92,513,6,256,1,446
1568,"VALAYAM, KERALA",NAN,27,6.8,6.7,46,0.4,1.47,30,150,2008,69,634,101,111,105,99,645,6,261,467,173
1569,"THALIPARAMBA, KERALA",NAN,29,5.9,7.1,6666,0.7,4.13,118,393,2008,70,567,101,145,72,141,812,23,452,101,619
1570,"HOSDURG, KERALA",NAN,28,6.4,7.1,17771,1,5.2,760,1865,2008,71,158,101,127,87,141,254,39,475,784,271
1571,"KAKKADAVU,  KERALA",NAN,28,7.3,6.7,62,0.9,2.8,293,920,2008,72,192,101,127,127,99,781,30,390,455,1053
1572,"PADIYATHADKA, KERALA",NAN,28,7.6,6.6,61,0.5,3.4,85,503,2008,73,343,101,127,133,92,775,12,426,817,740
1573,"IRUMPANAM, KERALA",NAN,30,2.4,6.7,221,2.1,3.97,220,660,2008,74,182,101,157,21,99,350,185,447,342,893
2284,R NEYYAR AT ARUVIPURAM,NAN,27,7.1,6.8,89,1.2,0.4,620,1600,2008,139,428,101,111,119,108,945,50,113,725,208
2285,R MAMOM AT MAMOM BRIDGE,NAN,27,6.4,6.7,110,0.5,0.2,1400,3200,2008,140,419,101,111,87,99,50,12,48,167,524
2286,R AYROOR AT AYROOR BRIDGE,NAN,27,3.5,6.9,105,0.7,0.15,265,800,2008,141,393,101,111,33,114,24,23,27,416,987
2287,R ITHIKKARA AT ITHIKKARA,NAN,28,7.4,7.3,155,0.8,1.2,570,920,2008,142,398,101,127,129,160,210,25,236,702,1053
2288,R PALLICKAL AT NELLIMUKAL,NAN,28,6.8,6.9,77,0.9,1.8,215,470,2008,143,429,101,127,105,114,881,30,290,336,709
2289,R KARUVANNURR AT KARUVANNUR BDG.,NAN,27,5.5,6.5,75,1.9,0.1,1300,2100,2008,144,407,101,111,65,84,868,95,13,140,324
2290,R PUZHACKAL AT PUZHACKAL BRIDGE,NAN,31,5.4,6.5,102,4,0.1,320,680,2008,145,434,101,167,62,84,8,297,13,494,908
2291,R KEECHERI AT VADAKKANCHERY BRIDGE,NAN,30,4.8,6.8,90,1.1,0.1,730,1090,2008,146,410,101,157,50,108,955,46,13,774,38
2292,R THIRUR AT THALAKKADATHUR BRIDGE,NAN,28,5.8,6.3,87,0.7,0.1,633,1500,2008,147,438,101,127,70,78,935,23,13,729,174
2293,R KADALUNDI AT HAJIRAPPALLY,NAN,27,7.3,6.6,57,0.4,0.25,297,883,2008,148,399,101,111,127,92,739,6,68,461,1032
2294,R KALLAI AT KALLAI BRIDGE,NAN,28,5.8,7.5,18291,0.8,0.25,435,1000,2008,149,404,101,127,70,179,267,25,68,611,4
2295,R CORAPUZHA AT KANAYANKODE,NAN,28,6.2,6.7,2497,0.5,0.15,510,1100,2008,150,396,101,127,79,99,398,12,27,670,43
2296,R THALLASSERY AT PATHIPPALAM,NAN,27,7.3,6.1,45,0.7,0.2,150,1050,2008,151,437,101,111,127,75,636,23,48,192,21
2297,R ANCHARAKANDY AT MERUVAMBA,NAN,27,7.6,6.3,39,0.5,0.2,1040,2588,2008,152,392,101,111,133,78,577,12,48,63,417
2298,R KUPPAM AT RAYAROM,NAN,25,7.7,6.6,31,0.3,0.15,490,1300,2008,153,412,101,85,135,92,485,5,27,655,112
2299,R RAMAPURAM AT RAMAPURAM BRIDGE,NAN,28,5.4,5.9,595,0.8,0.1,570,1375,2008,154,435,101,127,62,65,753,25,13,702,136
2300,R PERUVAMBA AT CHANDAPPURA,NAN,28,7.4,6.1,30,0.9,0.3,690,1050,2008,155,432,101,127,129,75,467,30,84,755,21
2301,R KAVVAI AT KUTTIYOL PALAM,NAN,28,6.6,5.9,37,0.7,0.1,540,1725,2008,156,409,101,127,95,65,557,23,13,689,239
2302,R NEELASWARAM AT NAMBIARKAL DAM,NAN,28,6.5,6.5,1135,0.7,0.25,850,1850,2008,157,423,101,127,91,84,63,23,68,818,270
2303,R PULLUR AT PULLUR BR.,NAN,27,7.2,5.9,39,0.8,0.55,440,1500,2008,158,433,101,111,124,65,577,25,150,613,174
2304,R MOGRAL AT MOGRAL BR.,NAN,29,6.3,6.5,925,1.1,0.3,830,1550,2008,159,421,101,145,84,84,969,46,84,811,190
2305,R SHRIYA AT ANGADIMOGARU,NAN,27,7.6,6.6,50,0.6,0.25,1660,3000,2008,160,436,101,111,133,92,685,17,68,233,486
2306,R UPPALA AT  UPPALA BR.,NAN,27,7.3,6.5,64,1.4,0.5,1280,2850,2008,161,439,101,111,127,84,797,64,137,131,460
2307,R MANJESWAR AT BAJRAKKARA BR.,NAN,27,7.5,7,74,0.8,0.1,1400,2800,2008,162,420,101,111,130,128,860,25,13,167,448
2326,R KORAYAR AT KANJIKODE,NAN,26,4.4,7.3,428,0.4,0.15,285,1090,2008,164,411,101,96,46,160,617,6,27,442,38
2331,R BHARATHAPUZHA AT KUTTIPPURAM,NAN,27,6.8,7,169,0.4,0.25,255,560,2008,165,394,101,111,105,128,240,6,68,402,798
2337,R KADAMBAYAR AT BRAHMAPURAM,NAN,29,1.7,6.2,181,3,0.45,672,2208,2008,171,402,101,145,12,77,263,255,125,749,348
2338,R KADAMBAYAR AT MANCKAKADAVU,NAN,29,3,6.1,80,2,0.13,268,1240,2008,172,403,101,145,27,75,899,177,20,418,91
1448,"NAGAVALLI AT THOTAPALLI REGULATOR, A.P.",NAN,28,6.9,7.8,469,0.89,0.86,152,5874,2008,47,323,101,127,109,207,654,29,200,198,820
1455,"RUSHIKULYA AT GANJAM U/S, ORISSA",NAN,32,7.7,8.1,266,1.83,1.01,1950,3175,2008,49,503,101,170,135,235,422,92,221,295,520
1456,"RUSHIKULYA AT GANJAM D/S, ORISSA",NAN,32,6.8,7.8,16468,1.65,2,440,775,2008,50,500,101,170,105,207,231,76,346,613,972
1642,"NAGAVALLI AT JAYKAYPUR D/S, ORISSA",NAN,28,7.5,8.2,233,2.5,0.89,2600,4300,2008,83,316,101,127,130,242,369,203,203,408,660
1643,"NAGAVALLI AT RAYAGADA D/S, ORISSA",NAN,26,7.6,8.1,233,1.35,1.43,2025,3200,2008,84,321,101,96,133,235,369,60,259,313,524
1685,"ARASALAR RIVER KARAIKAL REGION, PONDICHERRY",NAN,26,7,7.6,593,0.25,1.95,NAN,NAN,2008,85,23,101,96,114,189,752,2,299,869,1094
1159,"TAMBIRAPARANI AT BDG.NR. MADURA COATS LTD.PAPAVINASAM,TAMILNADU",NAN,25,7.6,6.6,118,1.15,0.15,70,180,2008,15,539,101,85,133,92,75,48,27,759,257
1160,"TAMBIRAPARANI AT CHERANMADEVI,CAUSE WAY,TAMILNADU",NAN,27,6.8,6.6,179,1.88,0.2,118,253,2008,16,541,101,111,105,92,259,93,48,101,408
1161,"TAMBIRAPARANI AT TIRUNELVELI,COLLECTORATE,TAMILNADU.",NAN,28,6.8,6.7,172,2.14,0.19,263,402,2008,17,561,101,127,105,99,247,189,43,412,630
1162,"TAMBIRAPARANI AT MURAPPANADU, TAMILNADU",NAN,28,6.9,7.1,260,1.78,0.13,110,200,2008,18,547,101,127,109,141,415,89,20,82,302
1328,"TAMBIRAPARANI AT PAPPANKULAM,TAMILNADU",NAN,27,7.3,6.6,94,1.27,0.17,73,150,2008,23,550,101,111,127,92,977,54,38,773,173
1329,"TAMBIRAPARANI AT RAIL BDG. NR. AMBASAMUDAM, TAMILNADU",NAN,26,7.4,6.7,88,1.03,0.15,89,173,2008,24,553,101,96,129,99,939,41,27,831,240
1330,"TAMBIRAPARANI AT ARUMUGANERI, TAMILNADU",NAN,28,7.2,7.2,439,2.28,0.14,236,415,2008,25,537,101,127,124,150,625,196,23,376,641
1450,"PALAR AT VANIYAMBADI WATER SUPPLY HEAD WORK, TAMILNADU",NAN,27,6.8,7.6,749,2.25,0.36,424,699,2008,48,345,101,111,105,189,867,195,103,599,926
1444,"KALI AT D/S WEST COAST PAPER MILL, KARNATAKA",NAN,26,6.9,7.3,252,4.33,1,322,858,2008,46,195,101,96,109,160,402,307,220,498,1022
1894,KUMARADHARA NAN U/S OF UPPINAGADY TOWN BEFORE CONFLUENCE WITH RIVER NETHRAVATHI,NAN,29,7,7.3,46,1,NAN,49,707,2008,110,240,101,145,114,160,645,39,506,654,936
1892,NETRAVATHI U/S OF DHARMASTALA AT WATER SUPPLY INTAKE POINT,NAN,31,7,7.3,40,1,NAN,12,81,2008,109,338,101,167,114,160,590,39,506,105,993
2352,"RIVER VAMSHADHARA, KALINGAPATNAM,VIZIANAGARAM",NAN,30,7.7,8.1,195,1.1,0.7,0,10,2008,173,494,101,157,135,235,298,46,175,1,2
1871,"RIVER MARKANDA AT PAONTA, DISTT. SIRMOUR, H.P.",NAN,23,8,8.2,572,0.5,NAN,12,26,2008,105,476,101,65,142,242,741,12,506,105,419
1884,KALA AMB D/S MARKANDA RIVER,NAN,24,3.8,7.8,1424,155.6,0.66,NAN,NAN,2008,106,193,101,77,36,207,175,146,170,869,1094
1870,"RIVER SUKHANA AT PARWANOO, DISTT. SOLAN, H.P.",NAN,23,4.9,7.8,704,3.5,NAN,57,375,2008,104,488,101,65,54,207,843,265,506,701,596
1023,"GHAGGAR AT MUBARAKPUR REST HOUSE (PATIALA), PUNJAB",NAN,20,5.9,7.2,703,5.4,2.05,1950,21000,2008,0,129,101,39,72,150,841,338,350,295,325
1024,"GHAGGAR AT 100M D/S CONF. WITH R. SARASWATI (PATIALA),PUNJAB",NAN,21,5.3,7.4,1095,27,3.35,48000,217500,2008,1,116,101,47,60,170,46,249,423,644,341
1025,"GHAGGAR GHNAN1 AT ROAD BRDG. SIRSA,DEBWALI ROAD,HARYANA",NAN,30,6.7,6.9,1094,17.1,19.4,NAN,NAN,2008,2,143,101,157,100,114,45,158,343,869,1094
1026,"GHAGGAR GHNAN2 AT CHANDARPUR SYPHON,",NAN,30,6.2,7,1312,22.3,17.7,NAN,NAN,2008,3,145,101,157,79,128,135,228,334,869,1094
1295,"GHAGGAR NEAR BANKARPUR,DERA BASSI,PUNJAB",NAN,21,5.7,7.3,732,10.7,2.4,5450,45500,2008,22,148,101,47,69,160,856,102,369,690,692
1473,"GHAGGAR AT RATANHERI, D/S OF PATIALA NADI (AFTER CONFL.), PUNJAB",NAN,21,5,7.2,983,26.1,3.05,32250,135000,2008,55,132,101,47,55,150,997,244,409,499,128
1698,"D/S CHHATBIR, PUNJAB",NAN,20,5,7.3,748,7.4,2.65,12500,90000,2008,86,73,101,39,55,160,866,375,384,123,1045
1699,"U/S DHAKANSU NALLAH, PUNJAB",NAN,20,5.1,7.2,760,13.5,2.55,22000,122500,2008,87,592,101,39,56,150,877,124,378,344,85
1700,"D/S DHAKANSU NALLAH, PUNJAB",NAN,21,4.5,7.2,856,23.8,3.45,34000,232500,2008,89,74,101,47,47,150,928,234,429,523,376
1701,"D/S JHARMAL NADI, PUNJAB",NAN,21,4.4,7.2,1184,18.1,3.75,17250,70000,2008,90,75,101,47,46,150,76,163,439,248,929
1702,"U/S JHARMAL NADI, PUNJAB",NAN,20,4.5,7.4,1186,22.7,3.07,13000,78333,2008,91,593,101,39,47,170,79,230,410,141,978
1703,"GHAGGER AT MOONAK, PUNJAB",NAN,21,5.2,7.5,1036,28.5,3.55,28750,155000,2008,92,149,101,47,59,179,16,254,433,447,192
1704,"D/S SARDULGARH, PUNJAB",NAN,21,5.5,7.6,973,27.8,3.33,130500,392500,2008,93,78,101,47,65,189,992,252,421,142,618
1705,"U/S SARDULGARH, PUNJAB",NAN,21,5.6,7.6,951,25.8,3.23,22500,712500,2008,94,596,101,47,67,189,981,242,417,354,938
1885,RIVER GHAGGAR AT D/S OF SURAJPUR,NAN,25,6.4,7.9,378,4.1,0.94,NAN,NAN,2008,107,456,101,85,87,218,565,301,210,869,1094
1887,GHAGGAR BEFORE OTTU WEIR (BEFORE MIXING OF SATLUJ CANAL WATER) (HARYANA),NAN,31,6.8,7,970,25.3,20.2,NAN,NAN,2008,108,140,101,167,105,128,989,240,400,869,1094
1717,"KODRA DAM, MOUNT ABU, RAJASTHAN",NAN,21,5.4,7.8,438,1.7,0.41,3,6,2008,95,233,101,47,62,207,624,81,115,466,832
1424,"IMPHAL AT MAHABALI, MANIPUR",NAN,27,7.9,6.7,120,1.2,NAN,NAN,135,2008,37,167,101,111,139,99,86,50,506,869,126
1457,"IMPHAL AT KOIRENGEI, MANIPUR",NAN,26,6.2,7.3,135,1.8,NAN,NAN,113,2008,51,164,101,96,79,160,145,90,506,869,55
1627,"KIYAMGI, MANIPUR",NAN,27,8.2,7.6,176,1.9,NAN,NAN,135,2008,78,230,101,111,144,189,252,95,506,869,126
1628,"MINUTHONG(IMPHAL RIVER, MANIPUR",NAN,28,6.6,7.4,112,1.2,NAN,NAN,91,2008,79,299,101,127,95,170,60,50,506,869,1048
1458,"IRIL AT PORAMPET, MANIPUR",NAN,26,7.9,7.8,196,0.8,NAN,NAN,73,2008,52,177,101,96,139,207,301,25,506,869,952
1624,"LILONG, MANIPUR",NAN,29,9,8,269,1.8,NAN,NAN,155,2008,75,261,101,145,157,232,427,90,506,869,189
1925,KHUGA RIVER (CHURACHANDPUR DIST.),NAN,28,NAN,8,698,NAN,NAN,NAN,NAN,2008,111,223,101,127,165,232,828,407,506,869,1094
1926,"KHUJAIROK RIVER, MOREH (CHANDEL DIST.)",NAN,30,9.6,7.6,633,NAN,NAN,NAN,30,2008,112,226,101,157,162,189,791,407,506,869,484
1625,"HUMP BRIDGE, MANIPUR",NAN,27,3.2,6.8,389,26,NAN,NAN,633,2008,76,159,101,111,29,108,576,243,506,869,866
1626,"HEIRANGOITHONG, MANIPUR",NAN,28,5.5,7.5,375,24,NAN,NAN,383,2008,77,156,101,127,65,179,562,235,506,869,607
1428,"KYRHUKHLA NEAR SUTNGA KHLIERIAT,JAINTIA HILLS DT.,MEGHALAYA",NAN,19,5,3.2,630,7,2.5,27,33,2008,39,259,101,28,55,44,789,371,375,419,535
2050,TLAWNG UPSTREAM AIZAWL,NAN,26,7,7.8,122,0.65,NAN,NAN,3,2008,120,584,101,96,114,207,95,20,506,869,483
2051,TLAWNG DOWNSTREAM AIZAWL,NAN,26,7.2,7.8,130,0.93,0.1,NAN,3,2008,121,582,101,96,124,207,128,31,13,869,483
2052,TUIRIAL UPPER CATCHMENT,NAN,25,6.6,8,151,0.98,NAN,NAN,6,2008,122,590,101,85,95,232,200,37,506,869,832
2053,TUIRIAL LOWER CATCHMENT,NAN,25,6.7,7.9,188,1.03,NAN,NAN,8,2008,123,588,101,85,100,218,283,41,506,869,985
1403,"GUMTI AT U/S SOUTH TRIPURA,TRIPURA",NAN,28,6.1,7.7,120,1.36,NAN,264,350,2008,35,154,101,127,77,199,86,61,506,415,561
1404,"GUMTI AT D/S SOUTH TRIPURA, TRIPURA",NAN,29,5.4,7.3,141,2.67,0.08,285,510,2008,36,151,101,145,62,160,166,208,9,442,749
1726,"CHANDRAPUR, AGARTALA D/S OF HAORA RIVER, TRIPURA",NAN,28,5.8,7.8,161,2.93,0.1,518,588,2008,98,67,101,127,70,207,221,216,13,678,821
1393,"DAMANGANGA AT D/S OF MADHUBAN, DAMAN",NAN,NAN,NAN,7.6,253,NAN,2.8,NAN,NAN,2007,32,83,101,178,165,189,404,407,390,869,1094
1150,"DAMANGANGA AT KACHIGAON U\S AT GIDC WIER,GUJARAT",NAN,25,7,7.7,448,0.4,0.2,17,42,2007,9,91,101,85,114,199,634,6,48,242,645
1246,"DAMANGANGA AT KACHIGAON D\S (DAMAN),GUJARAT",NAN,25,4.8,7.5,20360,8.8,0.2,23,65,2007,21,89,101,85,50,179,314,393,48,362,883
1860,BALEHWAR KHADI AT N.H. NO. 8,NAN,27,4.9,7.7,904,3.6,NAN,13950,32750,2007,100,28,101,111,54,199,957,268,506,164,532
1861,RIVER PURNA ON BRIDGE AT SURATNANNAVSARI HIGHWAY,NAN,28,6.4,8,477,2.4,NAN,12325,22825,2007,101,479,101,127,87,232,658,200,506,115,368
1862,RIVER KAVERI ON BRIDGE AT BILLIMORANANVALSAD ROAD,NAN,29,6.7,7.9,14111,2.9,NAN,10725,21000,2007,102,461,101,145,100,218,169,215,506,72,325
1865,RIVER DHADHAR AT KOTHWADA,NAN,28,5.7,7.6,868,4.2,0.4,5,57,2007,103,455,101,127,69,189,933,304,113,661,803
1148,"AMBIKA AT BILIMORA, GUJARAT",NAN,30,6.2,8,899,3.1,NAN,10275,16500,2007,7,15,101,157,79,232,954,256,506,59,221
1149,"KOLAK AT PATALIA BDG., GUJARAT",NAN,26,4.8,7.6,14426,10.4,0.1,32,148,2007,8,236,101,96,50,189,185,100,13,493,165
1435,"KOLAK AT RAILWAY BRIDGE NO. 313 VAPI,VALSAD, GUJARAT",NAN,27,6.2,7.4,29920,3.6,0.2,14,41,2007,41,238,101,111,79,170,464,268,48,165,638
1434,AMLAKHADI AT ANKLESHWAR,NAN,27,NAN,7.5,5414,359,0.1,3,14,2007,40,19,101,111,165,179,719,291,13,466,141
1438,"MINDHOLA AT STATE HIGHWAY BRIDGE SACHIN, GUJARAT",NAN,27,4.2,7.8,589,4,NAN,23575,50250,2007,43,298,101,111,43,207,746,297,506,375,739
1399,"ZUARI AT D/S OF PT. WHERE KUMBARJRIA CANAL JOINS, GOA",NAN,30,6.8,7.5,2870,2.5,0.1,582,1114,2007,33,664,101,157,105,179,448,203,13,708,50
1475,ZUARI AT PANCHAWADI,NAN,29,6.5,6.9,1690,1.5,0.1,555,1331,2007,56,665,101,145,91,114,242,69,13,695,122
1476,"MANDOVI AT TONCA, MARCELA, GOA",NAN,29,6.5,7.1,3110,1.6,0.1,1243,2056,2007,57,277,101,145,91,141,488,74,13,120,314
1400,"MANDOVI AT NEGHBOURHOOD OF PANAJI, GOA",NAN,29,6.4,7.7,44000,2.3,0.1,814,1287,2007,34,275,101,145,87,199,629,197,13,804,108
1543,"RIVER KALNA AT CHANDELNAN PERNEM, GOA",NAN,27,7.2,7.2,70,1.6,0.1,1554,2887,2007,58,459,101,111,124,150,839,74,13,206,466
1544,"RIVER VALVANT AT SANKLI NAN BICHOLIM, GOA",NAN,28,7.2,6.8,60,2.1,0.1,5778,10403,2007,59,493,101,127,124,108,764,185,13,706,18
1545,"RIVER MADAI AT DABOS NAN  VALPOI, GOA",NAN,28,7.4,7.1,80,1.4,0.1,475,1010,2007,60,470,101,127,129,141,899,64,13,640,10
1546,"RIVER KHANDEPAR AT OPA NAN PONDA, GOA",NAN,28,7.2,6.9,80,1.3,0.1,1009,1938,2007,61,465,101,127,124,114,899,56,13,57,288
1547,"RIVER TALPONA AT CANACONA, GOA",NAN,29,7.4,7,66,2,0.1,700,1451,2007,62,490,101,145,129,128,808,177,13,760,158
1548,"RIVER ASSONORA AT ASSONORA, GOA",NAN,28,6.3,6.6,66,1.6,0.1,1427,3293,2007,63,445,101,127,84,92,808,74,13,172,534
1093,"ULHAS AT U/S OF NRC BUND AT MOHANE, MAHARASHTRA",NAN,26,6.4,7.3,103,4,0.24,126,753,2007,5,600,101,96,87,160,13,297,66,125,964
1094,"ULHAS AT U/S OF BADLAPUR, MAHARASHTRA",NAN,27,6.7,7.4,103,3.9,0.22,64,644,2007,6,598,101,111,100,170,13,277,56,731,878
1461,"BHATSA AT D/S OF PISE DAM NEAR PISE VILLAGE (ULHAS), MAHARASHTRA",NAN,28,6.6,7.5,97,3.7,0.25,16,169,2007,53,41,101,127,95,179,988,271,68,214,230
1092,"KALU AT ATALE VILLAGE, MAHARASHTRA",NAN,28,5.7,7.2,531,5.3,0.75,116,456,2007,4,206,101,127,69,150,709,337,182,96,693
1462,"PATALGANGA NEAR INTAKE OF MIDC W/W, MAHARASHTRA",NAN,25,6.4,7.1,113,3.9,0.47,60,400,2007,54,362,101,85,87,141,61,277,131,715,627
1151,"PATALGANGA AT SHILPHATA, MAHARASHTRA",NAN,25,6.6,7.2,88,3.9,0.45,228,1146,2007,10,359,101,85,95,150,939,277,125,359,60
1152,"KUNDALIKA AT ROHA CITY, MAHARASHTRA",NAN,22,6.2,7.3,117,4,0.5,169,638,2007,11,244,101,56,79,160,73,297,137,241,872
17,"PERIYAR NEAR ALWAYENANELOOR, KERALA",NAN,28,5.5,6.6,1314,1.7,0.4,290,668,2007,88,388,101,127,65,92,136,81,113,452,899
18,"PERIYAR AT KALADY, KERALA",NAN,27,7.5,6.8,32,0.8,0.3,200,738,2007,99,382,101,111,130,108,502,25,84,307,956
1338,"PERIYAR AT SEWAGE DISCHARGE POINT, KERALA",NAN,28,6.7,6.8,42,1,0.4,230,804,2007,26,386,101,127,100,108,609,39,113,363,991
20,"CHALIYAR AT KOOLIMADU, KERALA",NAN,28,6.9,6.7,73,0.5,0.2,688,1242,2007,116,62,101,127,109,99,854,12,48,753,93
21,"CHALIYAR AT CHUNGAPALLY, KERALA",NAN,28,6.8,6.9,7920,0.5,0.2,391,813,2007,126,59,101,127,105,114,894,12,48,570,995
42,"KALLADA AT PERUMTHOTTAMKADAVU, PUNALOOR, KERALA",NAN,29,7.4,7.2,49,1.1,0.3,327,641,2007,318,202,101,145,129,150,666,46,84,503,876
43,"MUVATTAPUZHA AT VETTIKKATTUMUKKU, KERALA",NAN,28,7.2,6.8,58,1.5,0.3,173,556,2007,319,307,101,127,124,108,742,69,84,249,795
1154,"CHALAKUDY AT PULICKALKANANDAVU, KERALA",NAN,29,6.8,6.6,115,2,0.5,148,635,2007,12,57,101,145,105,92,66,177,137,187,867
1155,"KARAMANA AT MOONNATTUMUKKU, KERALA",NAN,28,0.8,6.8,2156,7.4,1,14825,20733,2007,13,211,101,127,5,108,340,375,220,188,318
1156,"PAMBA AT CHENGANNUR, KERALA",NAN,26,7.1,6.1,34,0.6,0.5,1300,1975,2007,14,348,101,96,119,75,525,17,137,140,293
1341,"PAMBA AT THAKAZHY, KERALA",NAN,26,5.9,6.2,52,0.5,0.6,1100,1775,2007,29,351,101,96,72,77,702,12,159,83,251
1565,"PAMBA DOWN, KERALA",NAN,26,5.1,6.2,55,1.1,0.4,1275,2000,2007,66,353,101,96,56,77,724,46,113,129,303
1339,"MEENACHIL AT KIDANGOOR, KERALA",NAN,26,6.7,6.2,43,0.7,0.4,1325,2100,2007,27,295,101,96,100,77,620,23,113,147,324
1340,"MANIMALA  AT KALLOOPARA, KERALA",NAN,26,5.8,6.2,34,0.6,0.3,975,1625,2007,28,281,101,96,70,77,525,17,84,862,212
1384,"MANIMALA AT THONDRA, KERALA",NAN,26,6.4,6.2,39,0.7,0.4,1375,1900,2007,31,283,101,96,87,77,577,23,113,161,282
1342,"ACHENKOIL AT THUMPAMON, KERALA",NAN,26,6.6,6.3,41,0.6,0.3,1033,1442,2007,30,6,101,96,95,78,599,17,84,61,154
1443,"ACHENKOIL AT CHENNITHULA, KERALA",NAN,26,5.4,6.2,47,0.7,0.5,1250,1825,2007,45,1,101,96,62,77,655,23,137,122,265
1442,"VAMANAPURAM, KERALA",NAN,28,6.7,6.7,80,1.3,0.5,1655,3050,2007,44,640,101,127,100,99,899,56,137,231,496
1563,"AMARAVILA, KERALA",NAN,27,6.4,7,112,1.4,0.7,3850,5725,2007,64,8,101,111,87,128,60,64,175,562,806
1564,"AYUR, KERALA",NAN,29,6.3,7.1,83,1,0.4,643,1080,2007,65,26,101,145,84,141,915,39,113,736,34
1566,"THIRURANGADY, KERALA",NAN,28,6.2,6.5,95,0.8,1.2,1075,2550,2007,67,571,101,127,79,84,979,25,236,74,411
1567,"KUTTIYADY ESTATE, KERALA",NAN,28,6.9,6.4,41,0.5,0.2,83,285,2007,68,252,101,127,109,79,599,12,48,810,459
1568,"VALAYAM, KERALA",NAN,27,6.8,6.5,51,0.5,0.2,98,435,2007,69,634,101,111,105,84,693,12,48,864,669
1569,"THALIPARAMBA, KERALA",NAN,28,6.6,6.9,11654,0.7,0.3,338,963,2007,70,567,101,127,95,114,71,23,84,519,1079
1570,"HOSDURG, KERALA",NAN,28,7,7.2,11962,0.3,0.3,68,550,2007,71,158,101,127,114,150,84,5,84,752,789
1571,"KAKKADAVU,  KERALA",NAN,28,7.5,6.9,52,0.5,0.2,138,685,2007,72,192,101,127,130,114,702,12,48,163,912
1572,"PADIYATHADKA, KERALA",NAN,28,7.4,6.8,68,0.3,0.2,160,725,2007,73,343,101,127,129,108,817,5,48,215,950
1573,"IRUMPANAM, KERALA",NAN,29,2.8,6.6,1239,2.3,0.6,263,645,2007,74,182,101,145,24,92,100,197,159,412,879
1448,"NAGAVALLI AT THOTAPALLI REGULATOR, A.P.",NAN,28,6.2,7.6,380,0.5,0.5,1318,24583,2007,47,323,101,127,79,189,568,12,137,145,396
1455,"RUSHIKULYA AT GANJAM U/S, ORISSA",NAN,30,7.9,7.9,382,2.1,0.21,993,2700,2007,49,503,101,157,139,218,569,185,53,868,430
1456,"RUSHIKULYA AT GANJAM D/S, ORISSA",NAN,28,8.1,8,21030,1.7,0.51,146,463,2007,50,500,101,127,143,232,329,81,140,180,702
1642,"NAGAVALLI AT JAYKAYPUR D/S, ORISSA",NAN,30,7.2,7.7,244,1.2,0.51,980,1793,2007,83,316,101,157,124,199,389,50,140,865,255
1643,"NAGAVALLI AT RAYAGADA D/S, ORISSA",NAN,32,6.7,7.6,231,1.5,0.56,1460,3133,2007,84,321,101,170,100,189,365,69,151,181,514
1685,"ARASALAR RIVER KARAIKAL REGION, PONDICHERRY",NAN,29,7,8.1,637,3.5,1.2,NAN,NAN,2007,85,23,101,145,114,235,795,265,236,869,1094
1159,"TAMBIRAPARANI AT PAPAVINASAM,TAMILNADU",NAN,26,7.5,6.5,65,1,0.15,108,319,2007,15,548,101,96,130,84,802,39,27,75,522
1160,"TAMBIRAPARANI AT CHERANMADEVI,CAUSE WAY,TAMILNADU",NAN,28,6.8,6.5,88,0.9,0.11,111,233,2007,16,541,101,127,105,84,939,30,15,85,377
1161,"TAMBIRAPARANI AT TIRUNELVELI,COLLECTORATE,TAMILNADU.",NAN,29,6.8,6.5,128,1.8,0.15,295,507,2007,17,561,101,145,105,84,117,90,27,457,745
1162,"TAMBIRAPARANI AT MURAPPANADU, TAMILNADU",NAN,32,7.8,7.2,250,1.9,0.15,128,249,2007,18,547,101,170,137,150,399,95,27,130,400
1328,"TAMBIRAPARANI AT PAPPANKULAM,TAMILNADU",NAN,28,7.2,6.4,71,1.2,0.12,67,165,2007,23,550,101,127,124,79,846,50,18,747,219
1329,"TAMBIRAPARANI AT RAIL BDG. NR. AMBASAMUDAM, TAMILNADU",NAN,27,7.4,6.5,71,1.5,0.12,98,189,2007,24,553,101,111,129,84,846,69,18,864,277
1330,"TAMBIRAPARANI AT ARUMUGANERI, TAMILNADU",NAN,31,7.6,7.1,428,2.5,0.15,226,443,2007,25,537,101,167,133,141,617,203,27,356,678
1450,"PALAR AT VANIYAMBADI WATER SUPPLY HEAD WORK, TAMILNADU",NAN,28,6.8,7.2,856,2.1,0.32,213,348,2007,48,345,101,127,105,150,928,185,90,331,557
1444,"KALI AT D/S WEST COAST PAPER MILL, KARNATAKA",NAN,27,7.3,7.3,152,2,1.28,333,998,2007,46,195,101,111,127,160,204,177,246,512,1093
1894,KUMARADHARA NAN U/S OF UPPINAGADY TOWN B/C WITH RIVER NETHRAVATHI,NAN,28,6.9,7.2,58,1,NAN,14,55,2007,110,239,101,127,109,150,742,39,506,165,788
1892,NETRAVATHI U/S OF DHARMASTALA AT WATER SUPPLY INTAKE POINT,NAN,29,7,7.2,56,1,NAN,4,16.5,2007,109,338,101,145,114,150,732,39,506,575,206
1871,"RIVER MARKANDA AT PAONTA, DISTT. SIRMOUR, H.P.",NAN,22,7.9,7.9,385,2.5,0.25,11,24,2007,105,476,101,56,139,218,573,203,68,81,385
1884,KALA AMB D/S MARKANDA RIVER,NAN,18,3.9,7.9,2422,74.8,0.78,NAN,NAN,2007,106,193,101,17,37,218,385,383,186,869,1094
1870,"RIVER SUKHANA AT PARWANOO, DISTT. SOLAN, H.P.",NAN,24,4.9,7.6,972,19.6,1.8,328,718,2007,104,488,101,77,54,189,991,173,290,504,943
1023,"GHAGGAR AT MUBARAKPUR REST HOUSE (PATIALA), PUNJAB",NAN,20,7.4,7.5,413,2.1,1.23,1663,10775,2007,0,129,101,39,129,179,603,185,240,235,32
1024,"GHAGGAR AT 100M D/S CONF. WITH R. SARASWATI (PATIALA), PUNJAB",NAN,21,6.1,7.8,632,8.1,2.9,37250,162500,2007,1,115,101,47,77,207,790,385,396,550,213
1025,"GHAGGAR GHNAN1 AT ROAD BRDG. SIRSA,DEBWALI ROAD, HARYANA",NAN,24,4.9,8.1,852,26.3,18.1,NAN,NAN,2007,2,142,101,77,54,235,925,245,336,869,1094
1026,"GHAGGAR GHNAN2 AT CHANDARPUR SYPHON,  HARYANA",NAN,26,4.5,8.3,996,25.3,15.8,NAN,NAN,2007,3,146,101,96,47,244,1002,240,328,869,1094
1295,"GHAGGAR NEAR BANKARPUR,DERA BASSI,PUNJAB",NAN,21,6.7,7.6,425,7.4,2.88,22250,78750,2007,22,148,101,47,100,189,615,375,394,349,980
1473,"GHAGGAR AT RATANHERI, D/S OF PATIALA NADI (A/C), PUNJAB",NAN,21,6.3,7.7,619,7.3,3.28,28250,125000,2007,55,130,101,47,84,199,780,374,418,439,95
1698,"GHAGGAR AT D/S CHHATBIR, PUNJAB",NAN,22,6.4,7.7,439,4.2,2.2,60275,440750,2007,86,118,101,56,87,199,625,304,360,718,677
1699,"GHAGGAR AT U/S DHAKANSU NALLAH, PUNJAB",NAN,22,6.5,7.7,686,9.8,2.6,19750,105000,2007,87,134,101,56,91,199,820,404,381,301,23
1700,"GHAGGAR AT D/S DHAKANSU NALLAH, PUNJAB",NAN,21,6.4,7.8,754,13.8,2.53,56500,227500,2007,89,120,101,47,87,207,872,126,376,700,365
1701,"GHAGGAR AT D/S JHARMAL NADI, PUNJAB",NAN,22,6.3,7.7,615,8.2,3.7,34500,622500,2007,90,122,101,56,84,199,777,386,438,528,854
1702,"GHAGGAR AT U/S JHARMAL NADI, PUNJAB",NAN,21,6.2,7.6,457,3.7,2.23,8633,49000,2007,91,136,101,47,79,189,644,271,362,822,723
1703,"GHAGGER AT MOONAK, PUNJAB",NAN,21,6,7.8,690,9.6,3,16250,117500,2007,92,149,101,47,73,207,824,401,404,223,69
1704,"GHAGGAR AT D/S SARDULGARH, PUNJAB",NAN,21,5.9,7.8,692,11.1,3.5,94000,222500,2007,93,125,101,47,72,207,825,107,431,846,354
1705,"GHAGGAR AT U/S SARDULGARH, PUNJAB",NAN,21,5.9,7.7,699,10.4,3.33,60500,967500,2007,94,138,101,47,72,199,829,100,421,719,1082
1885,RIVER GHAGGAR AT D/S OF SURAJPUR,NAN,22,6.5,8.2,1315,2.2,0.05,NAN,NAN,2007,107,456,101,56,91,242,137,192,6,869,1094
1887,GHAGGAR BEFORE OTTU WEIR (BEFORE MIXING OF SATLUJ CANAL WATER) (HARYANA),NAN,25,6.6,8.2,895,26.3,15.5,NAN,NAN,2007,108,140,101,85,95,242,949,245,326,869,1094
2047,"NNANCHOE (ATTAWA CHOE), CHANDIGARH",NAN,29,NAN,7.2,NAN,50,0.27,NAN,NAN,2007,117,340,101,145,165,150,1004,349,75,869,1094
2048,"PATIALA KI RAO, CHANDIGARH",NAN,30,NAN,7.4,NAN,50,0.4,NAN,NAN,2007,118,374,101,157,165,170,1004,349,113,869,1094
2049,"SUKHNA CHOE, CHANDIGARH",NAN,29,1,7.3,NAN,49.7,0.6,NAN,NAN,2007,119,526,101,145,7,160,1004,331,159,869,1094
1717,"KODRA DAM, MOUNT ABU, RAJASTHAN",NAN,19,5.6,7.4,168,2.2,0.38,5,16,2007,95,233,101,28,67,170,237,192,107,661,205
2050,"TLAWNG UPSTREAM AIZAWL, MIZORAM",NAN,25,6.7,7.9,135,0.4,NAN,NAN,3,2007,120,585,101,85,100,218,145,6,506,869,483
2051,"TLAWNG DOWNSTREAM AIZAWL, MIZORAM",NAN,25,6.5,7.9,195,0.6,NAN,NAN,3,2007,121,583,101,85,91,218,298,17,506,869,483
2052,"TUIRIAL UPPER CATCHMENT, MIZORAM",NAN,24,7.3,7.8,219,0.5,NAN,NAN,NAN,2007,122,591,101,77,127,207,348,12,506,869,1094
2053,"TUIRIAL LOWER CATCHMENT, MIZORAM",NAN,24,7.7,7.9,227,0.4,NAN,NAN,15,2007,123,589,101,77,135,218,359,6,506,869,172
1424,"IMPHAL AT MAHABALI, MANIPUR",NAN,23,6.2,7,132,1.6,NAN,NAN,102,2007,37,167,101,65,79,128,139,74,506,869,11
1457,"IMPHAL AT KOIRENGEI, MANIPUR",NAN,23,6.4,7.4,137,2.1,NAN,NAN,58,2007,51,164,101,65,87,170,152,185,506,869,814
1458,"IRIL AT PORAMPET, MANIPUR",NAN,23,6.4,7.6,200,1,NAN,NAN,36,2007,52,177,101,65,87,189,307,39,506,869,579
1624,"LILONG, MANIPUR",NAN,23,7,7.6,210,2.4,NAN,100,137,2007,75,261,101,65,114,189,328,200,506,53,134
1625,"HUMP BRIDGE, MANIPUR",NAN,23,3.6,7.2,249,4.9,NAN,NAN,383,2007,76,159,101,65,34,150,397,318,506,869,607
1626,"HEIRANGOITHONG, MANIPUR",NAN,23,3.7,7.5,224,4,NAN,NAN,394,2007,77,156,101,65,35,179,354,297,506,869,621
1627,"KIYAMGI, MANIPUR",NAN,24,7.1,7.3,156,2,NAN,NAN,89,2007,78,230,101,77,119,160,213,177,506,869,1034
1628,"MINUTHONG(IMPHAL RIVER, MANIPUR",NAN,23,7.1,7.2,127,2,NAN,NAN,60,2007,79,299,101,65,119,150,112,177,506,869,833
1925,KHUGA RIVER (CHURACHANDPUR DIST.) MANIPUR,NAN,22,5.8,7.6,258,1.7,NAN,NAN,118,2007,111,224,101,56,70,189,412,81,506,869,71
1926,"KHUJAIROK RIVER, MOREH (CHANDEL DIST.) MANIPUR",NAN,24,8.4,7.9,383,0.8,NAN,NAN,180,2007,112,227,101,77,148,218,570,25,506,869,257
1427,"UMTREW AT BYRNIHAT EAST, MEGHALAYA",NAN,20,8.1,7.2,221,5.4,1.95,213,373,2007,38,626,101,39,143,150,350,338,299,331,592
1428,"KYRHUKHLA NEAR SUTNGA KHLIERIAT,JAINTIA HILLS DT., MEGHALAYA",NAN,18,6.1,3.1,738,5.5,2.73,32,45,2007,39,258,101,17,77,43,858,340,389,493,684
1631,"MYNTDU RIVER JOWAI, MEGHALAYA",NAN,16,8,7,164,1.7,1.6,1600,2067,2007,80,312,101,6,142,128,229,81,273,216,316
1632,"GANOL RIVER TURA, MEGHALAYA",NAN,19,5.4,7.2,153,1.7,1.78,213,278,2007,81,112,101,28,62,150,205,81,288,331,442
1633,"SIMSANG RIVER WILLIAMNAGAR, MEGHALAYA",NAN,18,7,7,161,1.7,2.43,250,375,2007,82,523,101,17,114,128,221,81,372,396,596
1403,"GUMTI AT U/S SOUTH TRIPURA, TRIPURA",NAN,27,5.2,7.4,120,1.4,0.05,203,280,2007,35,153,101,111,59,170,86,64,6,315,447
1404,"GUMTI AT D/S SOUTH TRIPURA, TRIPURA",NAN,27,4.7,7.4,139, ,0.11,308,440,2007,36,151,101,111,49,170,160,0,15,480,675
1726,"CHANDRAPUR, AGARTALA D/S OF HAORA RIVER, TRIPURA",NAN,27,5.4,7.4,128,3,0.06,353,565,2007,98,67,101,111,62,170,117,255,7,538,801
1927,"SEKMAI RIVER, KAKCHING (THOUBAL DIST.)",NAN,23,6.9,7.2,233,1.5,NAN,NAN,119,2007,113,521,101,65,109,150,369,69,506,869,74
1393,"DAMANGANGA AT D/S OF MADHUBAN, DAMAN",NAN,NAN,NAN,7.61,168.2,NAN,10.3,NAN,NAN,2006,32,83,101,178,165,191,238,407,304,869,1094
1150,"DAMANGANGA AT KACHIGAON U\S AT GIDC WIER,GUJARAT",NAN,25,7.102,7.945,307.5,1.525,0.11,26,50,2006,9,91,101,85,120,223,481,70,15,406,735
1246,"DAMANGANGA AT KACHIGAON D\S (DAMAN),GUJARAT",NAN,25.5,3.487,7.015,25950,9.2,0.228,378,1400,2006,21,89,101,90,32,129,413,397,61,553,143
1860,BALEHWAR KHADI AT N.H. NO. 8,NAN,22,5.35,7.935,735,4.7,0.835,27650,15000,2006,100,28,101,56,61,220,857,316,196,429,175
1861,RIVER PURNA ON BRIDGE AT SURATNANNAVSARI HIGHWAY,NAN,25.5,7.05,7.995,535,4.7,1.195,13400,33500,2006,101,479,101,90,117,225,712,316,235,154,540
1862,RIVER KAVERI ON BRIDGE AT BILLIMORANANVALSAD ROAD,NAN,29.667,6.5,8.14,16410,5.3,1.397,9200,2400,2006,102,461,101,153,91,238,230,337,255,842,386
1865,RIVER DHADAR AT KOTHADA,NAN,25.5,NAN,7.885,896.5,15,0.42,3,10,2006,103,454,101,90,165,216,952,141,118,466,2
1148,"AMBIKA AT BILIMORA, GUJARAT",NAN,29,5.6,8.173,3660,4.6,0.46,4500,6867,2006,7,15,101,145,67,241,553,313,130,624,916
1149,"KOLAK AT PATALIA BDG., GUJARAT",NAN,26.5,6.085,7.695,933,3.2,0.153,450,1550,2006,8,236,101,103,76,198,975,259,30,623,190
1435,"KOLAK AT RAILWAY BRIDGE NO. 313 VAPI,VALSAD, GUJARAT",NAN,26.5,6.055,7.605,6715,4.3,0.222,45,140,2006,41,238,101,103,75,190,815,306,58,622,142
1434,"AMLAKHADI AFTER CONFL. OF W. WATER FROM ANKLESH,GUJARAT",NAN,28,NAN,7.215,15580,431.5,0.395,7,8,2006,40,17,101,127,165,151,212,326,111,758,985
1436,"BHADAR D/S JETPUR VILL. AFTER CONF. OF W.WATER FROM JETPUR CITY,GUJARAT",NAN,27,7.93,8.32,2160,1.46,0.277,4,5,2006,42,35,101,111,140,246,343,68,77,575,734
1438,"MINDHOLA AT STATE HIGHWAY BRIDGE SACHIN, GUJARAT",NAN,25.667,4.9,7.943,504.7,3.1,0.603,1810,2367,2006,43,298,101,92,54,222,689,256,160,267,382
1399,"ZUARI AT D/S OF PT. WHERE KUMBARJRIA CANAL JOINS, GOA",NAN,27.75,6.625,7.725,149.3,2.175,0.123,2,60,2006,33,664,101,123,96,200,196,191,19,304,833
1475,ZUARI AT PANCHAWADI,NAN,27.75,5.175,6.95,464,1.5,0.7,75,255,2006,56,665,101,123,58,119,650,69,175,779,410
1476,"MANDOVI AT TONCA, MARCELA, GOA",NAN,30,6.4,7.45,142.8,2.025,0.155,1787,4073,2006,57,277,101,157,87,174,174,178,31,259,635
1400,"MANDOVI AT NEGHBOURHOOD OF PANAJI, GOA",NAN,28.25,6.2,7.9,218,1.575,0.615,NAN,85,2006,34,275,101,131,79,218,346,73,164,869,1019
1543,"RIVER KALNA AT CHANDELNAN PERNEM, GOA",NAN,26.667,7.4,6.733,344.3,1.7,0.9,33,160,2006,58,459,101,105,129,103,531,81,206,507,207
1544,"RIVER VALVANT AT SANKLI NAN BICHOLIM, GOA",NAN,28.75,7.6,6.775,213.3,1.3,0.173,133,3275,2006,59,493,101,141,133,107,334,56,39,151,531
1545,"RIVER MADAI AT DABOS NAN  VALPOI, GOA",NAN,28,7.35,7.1,214.8,1.425,0.15,41,285,2006,60,470,101,127,128,141,337,66,27,586,459
1546,"RIVER KHANDEPAR AT OPA NAN PONDA, GOA",NAN,28.25,7.675,6.875,103.3,1.025,3.367,18,96,2006,61,465,101,131,134,113,14,40,424,261,1076
1547,"RIVER TALPONA AT CANACONA, GOA",NAN,27.25,7.125,7.55,418.3,1.725,0.45,18,106,2006,62,490,101,114,121,185,608,83,125,261,26
1548,"RIVER ASSONORA AT ASSONORA, GOA",NAN,28.5,7,6.725,497.3,1.575,0.135,1956,5425,2006,63,445,101,135,114,101,676,73,21,296,781
1093,"ULHAS AT U/S OF NRC BUND AT MOHANE, MAHARASHTRA",NAN,27.714,6.543,7.229,130.4,4.014,0.307,8,187,2006,5,600,101,122,93,153,129,298,86,798,272
1094,"ULHAS AT U/S OF BADLAPUR, MAHARASHTRA",NAN,28.714,6.7,7.307,121.5,3.857,0.264,9,162,2006,6,598,101,140,100,161,91,276,73,832,210
1461,"BHATSA AT D/S OF PISE DAM NEAR PISE VILLAGE (ULHAS), MAHARASHTRA",NAN,28.667,7.1,7.507,102.5,4.633,0.21,10,152,2006,53,41,101,138,119,180,10,315,53,52,181
1092,"KALU AT ATALE VILLAGE, MAHARASHTRA",NAN,26.667,6.333,7.277,542,5.4,7.187,15,207,2006,4,206,101,105,85,159,720,338,497,191,317
1462,"PATALGANGA NEAR INTAKE OF MIDC W/W, MAHARASHTRA",NAN,26.714,6.471,7.379,204.3,3.729,0.309,10,174,2006,54,362,101,107,90,168,317,272,87,52,242
1151,"PATALGANGA AT SHILPHATA, MAHARASHTRA",NAN,28.286,6.371,7.061,214,4.5,0.346,18,292,2006,10,359,101,132,86,138,335,311,99,261,471
1152,"KUNDALIKA AT ROHA CITY, MAHARASHTRA",NAN,19.333,6.7,7.44,153.3,4.4,0.65,23,305,2006,11,244,101,32,100,173,206,309,168,362,495
17,"PERIYAR NEAR ALWAYENANELOOR, KERALA",NAN,29.083,6.2,6.457,881.1,1.757,0.326,253,541,2006,88,388,101,146,79,83,941,85,91,401,779
18,"PERIYAR AT KALADY, KERALA",NAN,27.417,7.286,6.586,82.9,1.071,0.233,222,470,2006,99,382,101,118,126,91,909,44,65,346,709
1338,"PERIYAR AT SEWAGE DISCHARGE POINT, KERALA",NAN,27.286,6.525,6.5,124.1,1.313,0.227,334,844,2006,26,386,101,115,92,84,102,57,60,514,1015
20,"CHALIYAR AT KOOLIMADU, KERALA",NAN,28.6,6.917,6.95,185.4,0.467,0.112,165,433,2006,116,62,101,137,110,119,274,10,16,229,665
21,"CHALIYAR AT CHUNGAPALLY, KERALA",NAN,28.667,6.8,7.043,8489.9,0.414,0.153,238,473,2006,126,59,101,138,105,134,922,7,30,380,711
42,"KALLADA AT PERUMTHOTTAMKADAVU, PUNALOOR, KERALA",NAN,27.786,7.075,7.25,107.3,0.988,0.369,238,384,2006,318,202,101,124,118,155,33,38,105,380,608
43,"MUVATTAPUZHA AT VETTIKKATTUMUKKU, KERALA",NAN,28.143,7.013,6.712,151.4,1.4,0.397,262,485,2006,319,307,101,129,115,100,201,64,112,411,719
1154,"CHALAKUDY AT PULICKALKANANDAVU, KERALA",NAN,27.5,6.787,6.65,119.3,1.637,0.4,294,574,2006,12,57,101,119,104,95,81,75,113,456,807
1155,"KARAMANA AT MOONNATTUMUKKU, KERALA",NAN,28.571,4.1,6.775,511.4,6.788,1.373,2150,3100,2006,13,211,101,136,41,107,696,366,253,337,506
1156,"PAMBA AT CHENGANNUR, KERALA",NAN,27,6.9,6.8,224,0.733,0.438,2000,2500,2006,14,348,101,111,109,108,354,24,120,308,403
1341,"PAMBA AT THAKAZHY, KERALA",NAN,26.5,6.867,6.833,292.7,0.633,0.575,1900,2400,2006,29,351,101,103,108,110,453,19,155,281,386
1565,"PAMBA DOWN, KERALA",NAN,26.25,6.467,6.6,240,1.033,0.66,2100,2733,2006,66,353,101,99,89,92,380,42,170,325,434
1339,"MEENACHIL AT KIDANGOOR, KERALA",NAN,26.75,6.667,6.933,268,0.933,0.893,2333,3300,2006,27,295,101,108,99,117,426,32,204,369,537
1340,"MANIMALA  AT KALLOOPARA, KERALA",NAN,26.75,6.967,6.933,268,0.833,0.4,1600,2233,2006,28,281,101,108,112,117,426,26,113,216,356
1384,"MANIMALA AT THONDRA, KERALA",NAN,26.5,6.733,6.867,324,0.933,0.455,1973,2233,2006,31,283,101,103,102,112,507,32,128,300,356
1342,"ACHENKOIL AT THUMPAMON, KERALA",NAN,27,6.714,6.957,143.4,0.671,0.449,1457,2171,2006,30,6,101,111,101,120,177,21,124,179,338
1443,"ACHENKOIL AT CHENNITHULA, KERALA",NAN,26.75,6.733,6.733,242.7,0.9,0.743,1867,2833,2006,45,1,101,108,102,103,384,30,180,275,456
1442,"VAMANAPURAM, KERALA",NAN,28,7.233,6.867,75.7,1.1,0.853,1600,2300,2006,44,640,101,127,125,112,869,46,199,216,371
1563,"AMARAVILA, KERALA",NAN,27,6.233,6.9,104.7,0.867,1.267,1300,2233,2006,64,8,101,111,80,114,21,28,244,140,356
1564,"AYUR, KERALA",NAN,28.5,6.867,7.067,336.7,0.533,0.285,60,455,2006,65,26,101,135,108,139,520,13,81,715,691
1566,"THIRURANGADY, KERALA",NAN,28.5,6.433,6.667,339.3,0.6,0.292,440,967,2006,67,571,101,135,88,96,524,17,83,613,1081
1567,"KUTTIYADY ESTATE, KERALA",NAN,29,7.033,6.533,141.3,0.533,0.135,193,740,2006,68,252,101,145,116,85,167,13,21,289,959
1568,"VALAYAM, KERALA",NAN,28.75,6.633,7.067,237,0.633,0.45,337,800,2006,69,634,101,141,97,139,376,19,125,517,987
1569,"THALIPARAMBA, KERALA",NAN,28,6.833,7,18389,0.7,0.345,173,583,2006,70,567,101,127,107,128,271,23,98,249,816
1570,"HOSDURG, KERALA",NAN,29.5,6.333,7.167,24535.7,0.7,0.332,140,447,2006,71,158,101,151,85,148,392,23,93,166,682
1571,"KAKKADAVU,  KERALA",NAN,28,7.033,7.033,241,0.267,0.232,345,1260,2006,72,192,101,127,116,133,382,3,64,527,100
1572,"PADIYATHADKA, KERALA",NAN,28.5,7,7.133,302,0.7,0.168,323,933,2006,73,343,101,135,114,145,471,23,37,500,1060
1573,"IRUMPANAM, KERALA",NAN,29,3.5,6.567,1285.3,2.133,0.347,220,443,2006,74,182,101,145,33,89,122,188,100,342,678
1448,"NAGAVALLI AT THOTAPALLI REGULATOR, A.P.",NAN,28.857,6.243,7.253,405.6,0.857,1.269,3333,21469,2006,47,323,101,143,81,156,594,27,245,513,332
1642,"NAGAVALLI AT JAYKAYPUR D/S, ORISSA",NAN,21,6.9,8.2,211,2.8,2.12,1400,2200,2006,83,316,101,47,109,242,330,214,353,167,346
1643,"NAGAVALLI AT RAYAGADA D/S, ORISSA",NAN,24,7.8,8.5,197,0.6,3.01,1700,3500,2006,84,321,101,77,137,249,302,17,405,244,562
1685,"ARASALAR RIVER KARAIKAL REGION, PONDICHERRY",NAN,33,7.3,8.6,528,0.9,4.8,NAN,NAN,2006,85,23,101,174,127,252,705,30,467,869,1094
1159,"TAMBIRAPARANI AT BDG.NR. MADURA COATS LTD.PAPAVINASAM,TAMILNADU",NAN,27.5,7.95,6.565,188.5,1.5,0.08,24,66,2006,15,539,101,119,141,88,284,69,9,383,892
1160,"TAMBIRAPARANI AT CHERANMADEVI,CAUSE WAY,TAMILNADU",NAN,29,5.8,6.6,107,1,0.265,25,58,2006,16,541,101,145,70,92,32,39,74,395,814
1161,"TAMBIRAPARANI AT TIRUNELVELI,COLLECTORATE,TAMILNADU.",NAN,31.25,6.975,6.725,144.3,1.5,0.22,34,98,2006,17,561,101,169,113,101,182,69,56,521,1086
1162,"TAMBIRAPARANI AT MURAPPANADU, TAMILNADU",NAN,NAN,5.35,7.19,216.3,1.325,0.263,11,31,2006,18,547,101,178,61,149,342,58,72,81,505
1328,"TAMBIRAPARANI AT PAPPANKULAM,TAMILNADU",NAN,30,7.525,6.61,93.3,1.5,0.283,10,26,2006,23,550,101,157,131,93,972,69,80,52,419
1329,"TAMBIRAPARANI AT RAIL BDG. NR. AMBASAMUDAM, TAMILNADU",NAN,29,7.15,6.56,141,1.1,0.25,22,73,2006,24,553,101,145,122,87,166,46,68,341,952
1330,"TAMBIRAPARANI AT ARUMUGANERI, TAMILNADU",NAN,NAN,4.325,7.045,547,2.075,0.25,25,109,2006,25,537,101,178,45,135,723,181,68,395,37
1450,"PALAR AT VANIYAMBADI WATER SUPPLY HEAD WORK, TAMILNADU",NAN,27.5,6.925,7.633,552,2,0.217,325,570,2006,48,345,101,119,111,194,727,177,55,502,804
1444,"KALI AT D/S WEST COAST PAPER MILL, KARNATAKA",NAN,27.25,6.825,7.125,299.3,3.667,1.525,316,771,2006,46,195,101,114,106,143,463,269,265,487,970
1892,NETRAVATHI U/S OF DHARMASTALA AT WATER SUPPLY INTAKE POINT,NAN,26.667,6.7,7.267,92.7,1.333,NAN,6,41,2006,109,338,101,105,100,157,967,59,506,714,638
1894,KUMARADHARA NAN U/S OF UPPINAGADY TOWN BEFORE CONFLUENCE WITH RIVER NETHRAVATHI,NAN,26.333,6.75,7.3,169.3,1.667,NAN,29,47,2006,110,240,101,101,103,160,241,77,506,451,708
1885,RIVER GHAGGAR AT D/S OF SURAJPUR,NAN,21.25,5.87,7.84,895.5,4.35,NAN,NAN,NAN,2006,107,456,101,49,71,210,950,308,506,869,1094
1023,"GHAGGAR AT MUBARAKPUR REST HOUSE (PATIALA), PUNJAB",NAN,17.667,6.033,7.367,323.3,3.267,0.667,2390,6867,2006,0,129,101,13,74,166,506,262,171,382,916
1024,"GHAGGAR AT 100M D/S CONF. WITH R. SARASWATI (PATIALA),PUNJAB",NAN,16.5,5.1,7.85,785,12,1.65,3050,36500,2006,1,116,101,7,56,211,890,115,276,476,588
1295,"GHAGGAR NEAR BANKARPUR,DERA BASSI,PUNJAB",NAN,18,4.867,7.367,568,12,1.367,3500,27667,2006,22,148,101,17,52,166,737,115,252,535,440
1473,"GHAGGAR AT RATANHERI, D/S OF PATIALA NADI (AFTER CONFL.), PUNJAB",NAN,17.333,4.833,7.533,760,13.333,1.933,2300,30000,2006,55,132,101,10,51,183,877,123,298,364,487
1698,"GHAGGAR AT D/S CHHATBIR, PUNJAB",NAN,17.5,5.1,7.367,388,6.933,1.4,2723,43067,2006,86,118,101,11,56,166,575,369,256,423,662
1699,"GHAGGAR AT U/S DHAKANSU NALLAH, PUNJAB",NAN,15,6.8,7.3,433.5,5.4,1.35,635,9250,2006,87,134,101,5,105,160,622,338,251,730,1055
1700,"GHAGGAR AT D/S DHAKANSU NALLAH, PUNJAB",NAN,17.5,4.2,7.367,758,14.667,1.7,34033,83667,2006,89,120,101,11,43,166,874,135,282,524,1009
1701,"GHAGGAR AT D/S JHARMAL NADI, PUNJAB",NAN,18,5.533,7.3,453.3,9.333,1.567,35760,88333,2006,90,122,101,17,66,160,641,398,269,541,1033
1702,"GHAGGAR AT U/S JHARMAL NADI, PUNJAB",NAN,17.5,5.2,7.3,391.3,6.267,1.4,23723,54067,2006,91,136,101,11,59,160,580,359,256,379,777
1703,"GHAGGER AT MOONAK, PUNJAB",NAN,18,4.2,7.733,825.3,21,1.4,10500,76667,2006,92,149,101,17,43,202,913,221,256,69,968
1704,"GHAGGAR AT D/S SARDULGARH, PUNJAB",NAN,18.333,4.033,7.667,855,21.333,1.767,17433,148667,2006,93,125,101,21,39,196,927,223,286,251,168
1705,"GHAGGAR AT U/S SARDULGARH, PUNJAB",NAN,18.667,4.133,7.633,811.3,20.333,1.667,38700,110333,2006,94,138,101,24,42,194,904,219,278,564,45
1025,"GHAGGAR GHNAN1 AT ROAD BRDG. SIRSA,DEBWALI ROAD,HARYANA",NAN,18,5.35,7.55,682.5,17,20.45,NAN,NAN,2006,2,143,101,17,61,185,819,157,402,869,1094
1026,"GHAGGAR GHNAN2 AT CHANDARPUR SYPHON,  HARYANA",NAN,19,4.05,7.85,773.5,16,19.35,NAN,NAN,2006,3,146,101,28,40,211,885,148,342,869,1094
1887,GHAGGAR BEFORE OTTU WEIR (BEFORE MIXING OF SATLUJ CANAL WATER) (HARYANA),NAN,17.5,6.25,7.9,770,14,19.4,NAN,NAN,2006,108,140,101,11,82,218,883,129,343,869,1094
1870,"RIVER SUKHANA AT PARWANOO, DISTT. SOLAN, H.P.",NAN,18.5,6.65,7.875,914.5,43,0.824,9650,16900,2006,104,488,101,23,98,214,965,325,194,859,231
1871,"RIVER MARKANDA AT PAONTA, DISTT. SIRMOUR, H.P.",NAN,19.5,7.2,9.01,340.5,4.6,2.955,12,23,2006,105,476,101,34,124,258,526,313,397,105,369
1884,KALA AMB D/S MARKANDA RIVER,NAN,22,6.27,7.89,3638,149.75,NAN,NAN,NAN,2006,106,193,101,56,83,217,549,140,506,869,1094
1717,"KODRA DAM, MOUNT ABU, RAJASTHAN",NAN,20,6.1,7.1,NAN,3.1,0.3,4,14,2006,95,233,101,39,77,141,1004,256,84,575,141
2047,NNANCHOE (ATTAWA CHOE),NAN,26,0.6,7.3,646,87,6.8,NAN,NAN,2006,117,339,101,96,3,160,800,394,493,869,1094
2048,PATIALA KI RAO,NAN,27,NAN,7.9,1151,130,8.3,NAN,NAN,2006,118,373,101,111,165,218,67,127,504,869,1094
2049,SUKHNA CHOE,NAN,27,NAN,7.1,912,126,6.7,NAN,NAN,2006,119,525,101,111,165,141,963,118,491,869,1094
1427,"UMTREW AT BYRNIHAT EAST, MEGHALAYA",NAN,16,7.2,7,183,5.2,2.6,140,180,2006,38,626,101,6,124,128,268,336,381,166,257
1428,"KHARKHLA NEAR SUTNGA KHLIERIAT,JAINTIA HILLS DT.,MEGHALAYA",NAN,15,4.6,3,350,6.2,2.2,33,49,2006,39,220,101,5,48,41,538,358,360,507,722
1631,"MYNTDU RIVER JOWAI, MEGHALAYA",NAN,10,8.8,7,172,1.6,5,1800,2800,2006,80,312,101,1,154,128,247,74,470,263,448
1632,"GANOL RIVER TURA, MEGHALAYA",NAN,11,10,7.1,150,1,4,240,350,2006,81,112,101,2,15,141,198,39,448,384,561
1633,"SIMSANG RIVER WILLIAMNAGAR, MEGHALAYA",NAN,12,9,7.3,158,1.8,7.2,220,280,2006,82,523,101,3,157,160,217,90,498,342,447
2050,TLAWNG UPSTREAM AIZAWL,NAN,23.667,7.767,7.543,NAN,0.5,NAN,NAN,NAN,2006,120,584,101,72,136,184,1004,12,506,869,1094
2051,TLAWNG DOWNSTREAM AIZAWL,NAN,23.7,7.167,8.143,NAN,0.6,NAN,NAN,NAN,2006,121,582,101,73,123,239,1004,17,506,869,1094
2052,TUIRIAL UPPER CATCHMENT,NAN,23.767,8.533,7.857,170,0.4,NAN,NAN,NAN,2006,122,590,101,74,151,212,244,6,506,869,1094
2053,TUIRIAL LOWER CATCHMENT,NAN,23.667,8.867,7.793,216,0.5,NAN,NAN,NAN,2006,123,588,101,72,155,206,341,12,506,869,1094
NAN,"NAGAVALLI AT THOTAPALLI REGULATOR, A.P.",NAN,28,5.6,7.65,375.2,1.758,1.995,2636,18417,2005,320,323,101,127,67,195,563,86,303,413,268
NAN,"DAMANGANGA AT D/S OF MADHUBAN, DAMAN",NAN,NAN,NAN,7.76,233.3,10.825,5.657,NAN,NAN,2005,320,83,101,178,165,204,370,104,481,869,1094
NAN,"DAMANGANGA  AFTER CONFL. OF PIPARIA DRAIN, DAMAN",NAN,NAN,NAN,NAN,NAN,1,1.01,1200,37000,2005,320,79,101,178,165,265,1004,39,221,106,591
NAN,"DAMANGANGA AT CIRCUIT HOUSE, SILVASA, DADRA AND NAGAR HAVELI",NAN,NAN,NAN,NAN,NAN,112,5.5,1200000,6400000,2005,320,80,101,178,165,265,1004,114,478,107,875
NAN,"DAMANGANGA AT KACHIGAON U\S AT GIDC WIER,GUJARAT",NAN,26,7.2,7.84,342.8,1.764,0.528,78,230,2005,320,91,101,96,124,210,528,87,146,790,370
NAN,"DAMANGANGA AT KACHIGAON D\S (DAMAN),GUJARAT",NAN,27,5,7.22,18370.3,19.663,0.452,9625,13525,2005,320,89,101,111,55,152,270,174,126,855,129
NAN,BALEHWAR KHADI AT N.H. NO. 8,NAN,29,6.2,8.11,480,11.333,0.39,14050,18810,2005,320,28,101,145,79,236,661,109,110,169,276
NAN,RIVER PURNA ON BRIDGE AT SURATNANNAVSARI HIGHWAY,NAN,27,7.2,8.07,580,4,0.37,150,280,2005,320,479,101,111,124,234,744,297,106,192,447
NAN,RIVER KAVERI ON BRIDGE AT BILLIMORANANVALSAD ROAD,NAN,28,6.2,7.98,11125,5,0.39,7147,50350,2005,320,461,101,127,79,224,58,332,110,768,742
NAN,RIVER DHADAR AT KOTHADA,NAN,28,3.9,7.92,1039,14.847,1.412,6,36,2005,320,454,101,127,37,219,18,139,257,714,579
NAN,"ZUARI AT D/S OF PT. WHERE KUMBARJRIA CANAL JOINS, GOA",NAN,29,7.2,7.42,246.9,4.632,0.791,10011,118311,2005,320,664,101,145,124,171,394,314,188,56,73
NAN,ZUARI AT PANCHAWADI,NAN,28,6.9,6.44,302.9,2.304,0.231,12,116,2005,320,665,101,127,109,81,473,198,63,105,63
NAN,"MANDOVI AT TONCA, MARCELA, GOA",NAN,29,7.8,6.69,255.9,2.754,0.348,13,140,2005,320,277,101,145,137,98,409,213,101,138,142
NAN,"MANDOVI AT NEGHBOURHOOD OF PANAJI, GOA",NAN,29,6.7,7.35,346.1,1.893,0.973,13,148,2005,320,275,101,145,100,164,534,94,216,138,165
NAN,"RIVER KALNA AT CHANDELNAN PERNEM, GOA",NAN,28,8.3,6.68,348.9,2.503,1.686,13,155,2005,320,459,101,127,146,97,535,204,281,138,189
NAN,"RIVER VALVANT AT SANKLI NAN BICHOLIM, GOA",NAN,28,8.1,6.18,187.4,2.375,0.196,12,155,2005,320,493,101,127,143,76,281,199,46,105,189
NAN,"RIVER MADAI AT DABOS NAN  VALPOI, GOA",NAN,29,7.7,6.55,121.8,2.242,1.136,13,164,2005,320,470,101,145,135,86,92,194,232,138,218
NAN,"RIVER KHANDEPAR AT OPA NAN PONDA, GOA",NAN,29,8.6,6.56,181.4,2.423,0.276,24,155,2005,320,465,101,145,152,87,264,201,76,383,189
NAN,"RIVER TALPONA AT CANACONA, GOA",NAN,28,7.7,6.45,302.5,2.144,0.163,10,142,2005,320,490,101,127,135,82,472,190,33,52,149
NAN,"RIVER ASSONORA AT ASSONORA, GOA",NAN,28,7.4,6.07,142.8,1.681,0.276,12,140,2005,320,445,101,127,129,74,174,79,76,105,142
NAN,"AMBIKA AT BILIMORA, GUJARAT",NAN,NAN,7,8.16,4545,4.165,0.343,9593,27550,2005,320,15,101,178,114,240,642,303,97,853,439
NAN,"KOLAK AT PATALIA BDG., GUJARAT",NAN,NAN,5.9,7.36,761,6.1,0.083,1200,4600,2005,320,236,101,178,72,165,878,357,10,106,698
NAN,"KOLAK AT RAILWAY BRIDGE NO. 313 VAPI,VALSAD, GUJARAT",NAN,27,4.1,7.57,29369.3,7.08,0.302,1035,1993,2005,320,238,101,111,41,187,455,372,85,62,298
NAN,"AMLAKHADI AFTER CONFL. OF W. WATER FROM ANKLESH,GUJARAT",NAN,27,3.9,5.27,5914,441.8,0.512,3,10,2005,320,17,101,111,37,61,750,327,141,466,2
NAN,"BHADAR D/S JETPUR VILL. AFTER CONF. OF W.WATER FROM JETPUR CITY,GUJARAT",NAN,NAN,5.7,7.62,665,2.12,0.86,1050,6000,2005,320,35,101,178,69,192,810,186,200,68,834
NAN,"MINDHOLA AT STATE HIGHWAY BRIDGE SACHIN, GUJARAT",NAN,NAN,6.1,8,602.5,5.64,1.035,38143,38428,2005,320,298,101,178,77,232,767,344,225,558,609
NAN,"GHAGGAR GHNAN1 AT ROAD BRDG. SIRSA,DEBWALI ROAD,HARYANA",NAN,14,6.2,7.88,540.7,9.75,17.387,NAN,1100,2005,320,143,101,4,79,215,717,403,333,869,43
NAN,"GHAGGAR GHNAN2 AT CHANDARPUR SYPHON,  HARYANA",NAN,19,6.3,8.05,634.3,13,10.89,NAN,75,2005,320,146,101,28,84,233,792,119,309,869,961
NAN,"KALI AT D/S WEST COAST PAPER MILL, KARNATAKA",NAN,27,7.1,7.2,280.5,1.6,0.48,74,95,2005,320,195,101,111,119,150,439,74,134,777,1069
NAN,NETRAVATHI U/S OF DHARMASTALA AT WATER SUPPLY INTAKE POINT,NAN,28,7.4,7.27,253.3,1.333,0.17,NAN,37,2005,320,338,101,127,129,158,405,59,38,869,589
NAN,KUMARADHARA NAN U/S OF UPPINAGADY TOWN BEFORE CONFLUENCE WITH RIVER NETHRAVATHI,NAN,28,7.3,7.3,236.7,4,0.08,NAN,58,2005,320,240,101,127,127,160,375,297,9,869,814
NAN,"PERIYAR NEAR ALWAYENANELOOR, KERALA",NAN,NAN,5.9,6.6,1359.5,1.755,0.326,170,387,2005,320,388,101,178,72,92,148,84,91,243,613
NAN,"PERIYAR AT KALADY, KERALA",NAN,NAN,7.4,6.68,39.3,1.164,0.204,125,298,2005,320,382,101,178,129,97,578,49,50,121,482
NAN,"PERIYAR AT SEWAGE DISCHARGE POINT, KERALA",NAN,NAN,7.1,6.75,41.9,1.325,0.18,147,378,2005,320,386,101,178,119,104,600,58,40,185,600
NAN,"CHALIYAR AT KOOLIMADU, KERALA",NAN,NAN,6.8,6.92,70.8,0.458,0.117,151,353,2005,320,62,101,178,105,115,840,9,17,196,565
NAN,"CHALIYAR AT CHUNGAPALLY, KERALA",NAN,NAN,6.8,6.98,7179.1,0.475,0.206,211,466,2005,320,59,101,178,105,121,848,11,51,327,706
NAN,"KALLADA AT PERUMTHOTTAMKADAVU, PUNALOOR, KERALA",NAN,NAN,6.8,7.03,36.8,1.117,0.146,118,624,2005,320,202,101,178,105,132,546,47,25,101,856
NAN,"MUVATTAPUZHA AT VETTIKKATTUMUKKU, KERALA",NAN,NAN,7.2,6.76,59.8,1.692,0.449,127,357,2005,320,307,101,178,124,105,749,80,124,128,573
NAN,"CHALAKUDY AT PULICKALKANANDAVU, KERALA",NAN,NAN,6.2,6.63,106.8,1.275,0.444,128,360,2005,320,57,101,178,79,94,27,55,122,130,580
NAN,"KARAMANA AT MOONNATTUMUKKU, KERALA",NAN,NAN,6.6,6.77,250.7,1.383,1.54,2433,3383,2005,320,211,101,178,95,106,400,62,267,387,544
NAN,"PAMBA AT CHENGANNUR, KERALA",NAN,NAN,6.9,6.95,51.3,0.625,0.518,1525,3100,2005,320,348,101,178,109,119,694,18,144,199,506
NAN,"PAMBA AT THAKAZHY, KERALA",NAN,NAN,6,6.75,641,0.975,0.792,1900,3600,2005,320,351,101,178,73,104,799,35,189,281,581
NAN,"PAMBA DOWN, KERALA",NAN,NAN,5.4,6.85,73.3,1.075,0.457,4955,8375,2005,320,353,101,178,62,111,855,45,129,658,1010
NAN,"MEENACHIL AT KIDANGOOR, KERALA",NAN,NAN,6.7,6.93,65,0.675,0.77,2100,4200,2005,320,295,101,178,100,116,802,22,185,325,647
NAN,"MANIMALA  AT KALLOOPARA, KERALA",NAN,NAN,6.9,6.85,56.3,0.575,0.383,1933,3400,2005,320,281,101,178,109,111,733,16,108,291,547
NAN,"MANIMALA AT THONDRA, KERALA",NAN,NAN,6.5,6.98,59.3,0.575,0.345,1333,2600,2005,320,283,101,178,91,121,748,16,98,152,420
NAN,"ACHENKOIL AT THUMPAMON, KERALA",NAN,NAN,6.8,7.06,63.3,0.567,0.404,1769,2825,2005,320,6,101,178,105,137,788,15,114,256,453
NAN,"ACHENKOIL AT CHENNITHULA, KERALA",NAN,NAN,5.8,6.73,73,0.7,0.315,1925,3500,2005,320,1,101,178,70,102,854,23,89,287,562
NAN,"VAMANAPURAM, KERALA",NAN,NAN,6.8,6.8,69.8,0.7,0.61,1100,1775,2005,320,640,101,178,105,108,823,23,162,83,251
NAN,"AMARAVILA, KERALA",NAN,NAN,7.1,6.83,80,0.7,0.835,850,1475,2005,320,8,101,178,119,109,899,23,196,818,164
NAN,"AYUR, KERALA",NAN,NAN,6.3,7.15,65.5,1.05,0.223,98,595,2005,320,26,101,178,84,146,803,43,59,864,829
NAN,"THIRURANGADY, KERALA",NAN,NAN,6.3,6.95,77.5,0.65,0.208,253,775,2005,320,571,101,178,84,119,882,20,52,401,972
NAN,"KUTTIYADY ESTATE, KERALA",NAN,NAN,6.9,6.65,34,0.5,0.095,130,215,2005,320,252,101,178,109,95,525,12,12,139,333
NAN,"VALAYAM, KERALA",NAN,NAN,6.4,6.75,49.3,0.675,0.193,197,350,2005,320,634,101,178,87,104,667,22,44,299,561
NAN,"THALIPARAMBA, KERALA",NAN,NAN,6.8,7.35,18568.3,1.15,0.14,215,660,2005,320,567,101,178,105,164,275,48,23,336,893
NAN,"HOSDURG, KERALA",NAN,NAN,6.8,7.08,19740.8,0.975,0.165,127,515,2005,320,158,101,178,105,140,303,35,35,128,754
NAN,"KAKKADAVU,  KERALA",NAN,NAN,7.1,6.98,58.3,0.55,0.152,123,510,2005,320,192,101,178,119,121,743,14,29,114,749
NAN,"PADIYATHADKA, KERALA",NAN,NAN,7,7.23,67.5,0.425,0.09,140,453,2005,320,343,101,178,114,154,814,8,11,166,690
NAN,"IRUMPANAM, KERALA",NAN,NAN,2.4,6.43,1041.3,2.025,1.05,133,373,2005,320,182,101,178,21,80,23,178,227,151,592
NAN,"ULHAS AT U/S OF NRC BUND AT MOHANE, MAHARASHTRA",NAN,27,6.7,7.56,128.4,4.942,0.447,11,250,2005,320,600,101,111,100,186,119,319,123,81,402
NAN,"ULHAS AT U/S OF BADLAPUR, MAHARASHTRA",NAN,NAN,6.8,7.68,123.2,4.475,0.4,12,236,2005,320,598,101,178,105,197,97,310,113,105,380
NAN,"BHATSA AT D/S OF PISE DAM NEAR PISE VILLAGE (ULHAS), MAHARASHTRA",NAN,NAN,6.5,7.33,135.8,4.4,0.33,13,208,2005,320,41,101,178,91,162,146,309,92,138,319
NAN,"KALU AT ATALE VILLAGE, MAHARASHTRA",NAN,NAN,5.1,7.45,5168.8,9.875,1.81,7,210,2005,320,206,101,178,56,174,700,405,291,758,323
NAN,"PATALGANGA NEAR INTAKE OF MIDC W/W, MAHARASHTRA",NAN,NAN,6.5,7.34,128.5,5.125,0.819,11,230,2005,320,362,101,178,91,163,120,335,192,81,370
NAN,"PATALGANGA AT SHILPHATA, MAHARASHTRA",NAN,NAN,6.6,7.47,143.8,4.958,0.667,16,358,2005,320,359,101,178,95,176,178,320,171,214,575
NAN,"KUNDALIKA AT ROHA CITY, MAHARASHTRA",NAN,NAN,6.6,7.75,136.8,4.5,0.505,15,203,2005,320,244,101,178,95,203,151,311,138,191,310
NAN,"IMPHAL AT MAHABALI, MANIPUR",NAN,NAN,7.9,7.85,76.5,3,NAN,NAN,55,2005,320,167,101,178,139,211,876,255,506,869,788
NAN,"IMPHAL AT KOIRENGEI, MANIPUR",NAN,NAN,7.4,7,82.3,2.027,NAN,NAN,44,2005,320,164,101,178,129,128,908,179,506,869,674
NAN,"KIYAMGI, MANIPUR",NAN,NAN,7,7.9,77.5,3.525,NAN,NAN,45,2005,320,230,101,178,114,218,882,266,506,869,684
NAN,"MINUTHONG(IMPHAL RIVER, MANIPUR",NAN,NAN,6.9,7.73,85.3,3.233,NAN,NAN,63,2005,320,299,101,178,109,201,924,260,506,869,862
NAN,"IRIL AT PORAMPET, MANIPUR",NAN,NAN,7.3,7.77,128.3,4.043,NAN,NAN,66,2005,320,177,101,178,127,205,118,300,506,869,892
NAN,"LILONG, MANIPUR",NAN,NAN,8,7.8,132,3.4,NAN,NAN,54,2005,320,261,101,178,142,207,139,264,506,869,774
NAN,"HUMP BRIDGE, MANIPUR",NAN,NAN,5.5,6.58,121.3,11.57,NAN,NAN,315,2005,320,159,101,178,65,90,90,111,506,869,516
NAN,"HEIRANGOITHONG, MANIPUR",NAN,NAN,7,7.43,136.7,8.693,NAN,NAN,252,2005,320,156,101,178,114,172,150,392,506,869,407
NAN,"UMTREW AT BYRNIHAT EAST, MEGHALAYA",NAN,20,6.6,7.15,199,7.475,2.1,208,288,2005,320,626,101,39,95,146,306,377,352,319,465
NAN,"KHARKHLA NEAR SUTNGA KHLIERIAT,JAINTIA HILLS DT.,MEGHALAYA",NAN,18,6.4,3.05,605,5.067,4.8,18,45,2005,320,220,101,17,87,42,771,333,467,261,684
NAN,"MYNTDU RIVER JOWAI, MEGHALAYA",NAN,15,7.1,7.03,147.3,2.1,1,1675,2300,2005,320,312,101,5,119,132,192,185,220,238,371
NAN,"GANOL RIVER TURA, MEGHALAYA",NAN,19,8.1,7.03,148.3,1.967,NAN,230,307,2005,320,112,101,28,143,132,194,97,506,363,501
NAN,"SIMSANG RIVER WILLIAMNAGAR, MEGHALAYA",NAN,21,8.3,7.1,152,2.133,NAN,270,413,2005,320,523,101,47,146,141,204,188,506,420,640
NAN,TLAWNG UPSTREAM AIZAWL,NAN,25,7.4,6.6,NAN,NAN,NAN,NAN,NAN,2005,320,584,101,85,129,92,1004,407,506,869,1094
NAN,TLAWNG DOWNSTREAM AIZAWL,NAN,25,6.8,6.3,NAN,NAN,NAN,NAN,NAN,2005,320,582,101,85,105,78,1004,407,506,869,1094
NAN,TUIRIAL UPPER CATCHMENT,NAN,25,6.1,7.15,NAN,NAN,NAN,NAN,NAN,2005,320,590,101,85,77,146,1004,407,506,869,1094
NAN,TUIRIAL LOWER CATCHMENT,NAN,26,7.5,7.2,NAN,NAN,NAN,NAN,NAN,2005,320,588,101,96,130,150,1004,407,506,869,1094
NAN,"RUSHIKULYA AT GANJAM U/S, ORISSA",NAN,28,7.5,7.8,286.5,1.775,0.51,7448,17625,2005,320,503,101,127,130,207,446,88,140,778,249
NAN,"RUSHIKULYA AT GANJAM D/S, ORISSA",NAN,30,7.5,7.35,30683,2.25,0.745,1515,2145,2005,320,500,101,157,130,164,479,195,181,197,331
NAN,"NAGAVALLI AT JAYKAYPUR D/S, ORISSA",NAN,27,6,7.55,214.5,3.125,0.895,2600,10950,2005,320,316,101,111,73,185,336,257,205,408,39
NAN,"NAGAVALLI AT RAYAGADA D/S, ORISSA",NAN,32,6.3,7.43,201.3,2.175,0.76,2825,4500,2005,320,321,101,170,84,172,310,191,184,438,685
NAN,"ARASALAR RIVER KARAIKAL REGION, PONDICHERRY",NAN,29,6.1,8.33,868.5,NAN,1.975,NAN,NAN,2005,320,23,101,145,77,247,934,407,301,869,1094
NAN,RIVER GHAGGAR AT D/S OF SURAJPUR,NAN,NAN,8.1,7.86,342.3,2.747,0.24,NAN,NAN,2005,320,456,101,178,143,213,527,212,66,869,1094
NAN,"GHAGGAR AT MUBARAKPUR REST HOUSE (PATIALA), PUNJAB",NAN,25,7.3,7.3,157,2.067,0.55,153,348,2005,320,129,101,85,127,160,215,180,150,201,557
NAN,"GHAGGAR AT 100M D/S CONF. WITH R. SARASWATI (PATIALA),PUNJAB",NAN,NAN,4.9,7.33,494.7,14.533,2.2,1233,18000,2005,320,116,101,178,54,162,673,134,360,116,259
NAN,"GHAGGAR NEAR BANKARPUR,DERA BASSI,PUNJAB",NAN,28,6.3,7.58,379.8,6.7,1.575,1640,4963,2005,320,148,101,127,84,188,566,365,270,227,731
NAN,"GHAGGAR AT RATANHERI, D/S OF PATIALA NADI (AFTER CONFL.), PUNJAB",NAN,28,6.1,7.58,490,14.25,2.425,4875,27500,2005,320,132,101,127,77,188,668,132,371,652,438
NAN,"D/S CHHATBIR, PUNJAB",NAN,25,6.8,7.43,337.5,4.25,1.225,1175,3043,2005,320,73,101,85,105,172,522,305,239,99,493
NAN,"U/S DHAKANSU NALLAH, PUNJAB",NAN,26,6.7,7.38,333.5,3.85,1.575,548,11050,2005,320,592,101,96,100,169,517,275,270,692,47
NAN,"D/S DHAKANSU NALLAH, PUNJAB",NAN,27,5.9,7.48,428,8.35,2.2,4050,22025,2005,320,74,101,111,72,177,617,387,360,582,347
NAN,"D/S JHARMAL NADI, PUNJAB",NAN,25,6.5,7.4,361.8,4.3,1.9,1158,15875,2005,320,75,101,85,91,170,547,306,296,95,202
NAN,"U/S JHARMAL NADI, PUNJAB",NAN,25,6.9,7.4,322,3.75,0.975,200,3500,2005,320,593,101,85,109,170,504,273,217,307,562
NAN,"GHAGGER AT MOONAK, PUNJAB",NAN,26,5.1,7.48,496.5,14.7,2.3,4325,23500,2005,320,149,101,96,56,177,674,136,365,609,379
NAN,"D/S SARDULGARH, PUNJAB",NAN,28,5,7.4,515.3,14.76,2.08,8860,37320,2005,320,78,101,127,55,170,698,137,351,830,593
NAN,"U/S SARDULGARH, PUNJAB",NAN,28,5.1,7.43,503.3,16.25,2.3,12938,44000,2005,320,596,101,127,56,172,688,149,365,134,676
NAN,GHAGGAR BEFORE OTTU WEIR (BEFORE MIXING OF SATLUJ CANAL WATER) (HARYANA),NAN,16,6.2,7.63,423.3,7,14.013,NAN,43,2005,320,140,101,6,79,193,611,371,319,869,658
NAN,"GAGGAR RIVER WHEN ENTERING IN RAJASTHAN FROM HARYANA NEAR RD NO. 629, RAJASTHAN",NAN,NAN,4.4,8.23,390,1.39,0.08,14,150,2005,320,110,101,178,46,243,579,63,9,165,173
NAN,"GAGGAR RIVER D/S HANUMANGARH NEAR 2 KNJ NAI ABADI, MAKKASR, RAJASTHAN",NAN,NAN,4.2,8.52,380,1.26,0.16,28,1100,2005,320,108,101,178,43,250,568,53,32,433,43
NAN,"RIVER SUKHANA AT PARWANOO, DISTT. SOLAN, H.P.",NAN,23,4,7.65,729,36,2.89,1190,2950,2005,320,488,101,65,38,195,853,292,395,103,476
NAN,"RIVER MARKANDA AT PAONTA, DISTT. SIRMOUR, H.P.",NAN,22,8,8.31,617,4.4,0.655,14,30,2005,320,476,101,56,142,245,779,309,169,165,484
NAN,KALA AMB D/S MARKANDA RIVER,NAN,NAN,4.2,8.55,1184.7,341.833,4,NAN,NAN,2005,320,193,101,178,43,251,77,288,448,869,1094
NAN,"KODRA DAM, MOUNT ABU, RAJASTHAN",NAN,NAN,5,7.92,160,1.443,0.153,17,149,2005,320,233,101,178,55,219,220,67,30,242,170
NAN,"TAMBIRAPARANI AT BDG.NR. MADURA COATS LTD.PAPAVINASAM,TAMILNADU",NAN,25,7.5,7.53,87.3,1.407,0.567,32,133,2005,320,539,101,85,130,182,936,65,152,493,120
NAN,"TAMBIRAPARANI AT CHERANMADEVI,CAUSE WAY,TAMILNADU",NAN,27,6.6,7.27,162.3,3.555,0.292,46,156,2005,320,541,101,111,95,158,225,267,83,631,193
NAN,"TAMBIRAPARANI AT TIRUNELVELI,COLLECTORATE,TAMILNADU.",NAN,28,6.8,7.12,172.3,1.723,0.198,62,283,2005,320,561,101,127,105,142,248,82,47,724,454
NAN,"TAMBIRAPARANI AT MURAPPANADU, TAMILNADU",NAN,NAN,6.7,7.6,277.8,1.229,0.183,12,33,2005,320,547,101,178,100,189,435,51,41,105,535
NAN,"TAMBIRAPARANI AT PAPPANKULAM,TAMILNADU",NAN,28,7.1,6.94,95.8,0.943,0.151,10,26,2005,320,550,101,127,119,118,980,33,28,52,419
NAN,"TAMBIRAPARANI AT RAIL BDG. NR. AMBASAMUDAM, TAMILNADU",NAN,27,7.4,7,88.5,0.977,0.186,27,105,2005,320,553,101,111,129,128,940,36,42,419,20
NAN,"TAMBIRAPARANI AT ARUMUGANERI, TAMILNADU",NAN,NAN,6.6,7.81,603.2,2.675,0.263,40,191,2005,320,537,101,178,95,208,769,209,72,576,283
NAN,"PALAR AT VANIYAMBADI WATER SUPPLY HEAD WORK, TAMILNADU",NAN,28,6.6,7.49,571.5,2.091,0.256,151,273,2005,320,345,101,127,95,178,740,183,70,196,433
NAN,"GUMTI AT U/S SOUTH TRIPURA,TRIPURA",NAN,28,5.4,7.16,75.8,2.092,NAN,404,513,2005,320,154,101,127,62,147,870,184,506,580,752
NAN,"GUMTI AT D/S SOUTH TRIPURA, TRIPURA",NAN,30,5.4,7.37,104.8,1.802,0.215,456,557,2005,320,151,101,157,62,167,22,91,54,627,796
NAN,"CHANDRAPUR, AGARTALA D/S OF HAORA RIVER, TRIPURA",NAN,29,5.3,7.37,102.2,2.552,0.202,526,583,2005,320,67,101,145,60,167,9,205,49,681,816
1448,"NAGAVALLI AT THOTAPALLI REGULATOR, AP",NAN,30,7.8,239,6.2,1.7,2.188,2.188,10720,2004,47,324,101,157,137,36,756,81,359,305,30
1399,"ZUARI AT D/S OF PT. WHERE KUMBARJRIA CANAL JOINS, GOA",NAN,29,7.5,442,6.7,3.4,NAN,NAN,132,2004,33,664,101,145,130,56,761,264,506,869,118
1475,ZUARI AT PANCHAWADI,NAN,29,7,430,6.4,2.4,NAN,NAN,175,2003,56,665,101,145,114,52,758,200,506,869,244
1476,"MANDOVI AT TONCA, MARCELA, GOA",NAN,29,7.2,216,7.1,1.8,NAN,NAN,167,2003,57,277,101,145,124,33,831,90,506,869,225
1400,"MANDOVI AT NEGHBOURHOOD OF PANAJI, GOA",NAN,29,7.9,352,4.5,4.2,NAN,NAN,158,2003,34,275,101,145,139,48,587,304,506,869,200
1543,"RIVER KALNA AT CHANDELNAN PERNEM, GOA",NAN,28,7,86,7.8,4.7,0.1,0.1,145,2003,58,459,101,127,114,256,838,316,13,2,155
1544,"RIVER VALVANT AT SANKLI NAN BICHOLIM, GOA",NAN,29,6.8,65,7.5,1.8,NAN,NAN,171,2003,59,493,101,145,105,125,835,90,506,869,236
1545,"RIVER MADAI AT DABOS NAN  VALPOI, GOA",NAN,28,7.1,101,7.8,2,0.1,0.1,138,2003,60,470,101,127,119,1,838,177,13,2,137
1546,"RIVER KHANDEPAR AT OPA NAN PONDA, GOA",NAN,27,7,78,7.6,1.8,NAN,NAN,145,2003,61,465,101,111,114,231,836,90,506,869,155
1547,"RIVER TALPONA AT CANACONA, GOA",NAN,29,7.2,60,8,1.9,NAN,NAN,151,2003,62,490,101,145,124,122,896,95,506,869,177
1548,"RIVER ASSONORA AT ASSONORA, GOA",NAN,28,6.6,76,7.1,1.9,NAN,NAN,169,2003,63,445,101,127,95,229,831,95,506,869,230
NAN,NAN,NAN,NAN,NAN,NAN,NAN,NAN,NAN,NAN,NAN,2003,320,335,101,178,165,265,1004,407,506,869,1094
1150,"DAMANGANGA AT KACHIGAON U\S AT GIDC WIER,GUJARAT",NAN,28,8,368,7.4,1,NAN,NAN,554,2003,9,91,101,127,142,49,834,39,506,869,794
1246,"DAMANGANGA AT KACHIGAON D\S (DAMAN),GUJARAT",NAN,28,7.5,21331,3.6,11.7,NAN,NAN,14109,2003,21,89,101,127,130,31,465,112,506,869,147
1860,BALEHWAR KHADI AT N.H. NO. 8,NAN,30,8.1,540,7.2,2.5,NAN,NAN,540,2003,100,28,101,157,143,68,832,203,506,869,775
1861,RIVER PURNA ON BRIDGE AT SURATNANNAVSARI HIGHWAY,NAN,29,8.1,443,4,2,NAN,NAN,6477,2003,101,479,101,145,143,57,586,177,506,869,881
1862,RIVER KAVERI ON BRIDGE AT BILLIMORANANVALSAD ROAD,NAN,29,8.1,467,7.1,3,NAN,NAN,107,2003,102,461,101,145,143,59,831,255,506,869,28
1865,RIVER DHADAR AT KOTHADA,NAN,32,7.8,1304,4.6,19.5,NAN,NAN,63,2003,103,454,101,170,137,11,588,172,506,869,862
1148,"AMBIKA AT BILIMORA, GUJARAT",NAN,30,8,1708,7.8,3.5,NAN,NAN,2051,2003,7,15,101,157,142,20,838,265,506,869,313
1149,"KOLAK AT PATALIA BDG., GUJARAT",NAN,28,7.5,1175,5.7,4,NAN,NAN,3900,2003,8,236,101,127,130,8,682,297,506,869,617
1435,"KOLAK AT RAILWAY BRIDGE NO. 313 VAPI,VALSAD, GUJARAT",NAN,28,7.5,67115,5,5.5,NAN,NAN,3425,2003,41,238,101,127,130,126,679,340,506,869,548
1434,"AMLAKHADI AFTER CONFL. OF W. WATER FROM ANKLESH,GUJARAT",NAN,27,4,9948,0.4,513.5,NAN,NAN,35,2003,40,17,101,111,38,264,0,350,506,869,560
1436,"BHADAR D/S JETPUR VILL. AFTER CONF. OF W.WATER FROM JETPUR CITY,GUJARAT",NAN,28,7.7,1148,4.8,6.9,2,2,10050,2003,42,35,101,127,135,7,589,368,346,304,6
1438,"MINDHOLA AT STATE HIGHWAY BRIDGE SACHIN, GUJARAT",NAN,28,8,590,4.8,1.8,NAN,NAN,2873,2003,43,298,101,127,142,72,589,90,506,869,464
1444,"KALI AT D/S WEST COAST PAPER MILL, KARNATAKA",NAN,27,7.7,440,6.5,2.4,0.9,0.9,688,2003,46,195,101,111,135,55,759,200,206,44,918
17,"PERIYAR AT ALWAYE, KERALA",NAN,28,6.4,1579,5.8,1.7,0.513,0.513,959,2003,88,380,101,127,87,19,683,81,142,32,1075
18,"PERIYAR AT KALADY, KERALA",NAN,27,6.8,62,7.5,1.5,0.221,0.221,892,2003,99,382,101,111,105,123,835,69,57,13,1036
1338,"PERIYAR AT SEWAGE DISCHARGE POINT, KERALA",NAN,28,6.9,44,6.8,1,0.151,0.151,734,2003,26,386,101,127,109,54,762,39,28,7,953
20,"CHALIYAR AT KOOLIMADU, KERALA",NAN,28,6.9,62,6.8,0.4,0.21,0.21,802,2003,116,62,101,127,109,123,762,6,53,12,988
21,"CHALIYAR AT KALLAPALLY, KERALA",NAN,28,7,9416,6.7,0.5,0.241,0.241,832,2003,126,60,101,127,114,260,761,12,67,15,1006
42,"KALLADA AT PANATHOTTUM KADAVU, PUNALOOR, KERALA",NAN,24,6.9,39,6.9,1.1,0.195,0.195,958,2003,318,198,101,77,109,50,763,46,45,11,1074
43,"MUVATTAPUZHA AT VETTIKKATTUMUKKU, KERALA",NAN,28,7.1,53,6.9,1.4,0.367,0.367,632,2003,319,307,101,127,119,67,763,64,104,23,865
1154,"CHALAKUDY AT PULICKALKANANDAVU, KERALA",NAN,28,6.9,102,6.4,1.2,0.335,0.335,608,2003,12,57,101,127,109,2,758,50,94,20,842
1155,"KARMANA AT MOONNATHNANMUKKU, KERALA",NAN,27,6.8,437,5.7,1.1,0.922,0.922,2933,2003,13,214,101,111,105,53,682,46,208,45,473
1156,"PAMBA AT CHENGANNUR, KERALA",NAN,27,7.3,58,7,0.6,0.367,0.367,3025,2003,14,348,101,111,127,70,830,17,104,23,489
1341,"PAMBA AT KALLOOPARA, KERALA",NAN,26,6.9,1835,5.9,1.2,0.61,0.61,2400,2003,29,349,101,96,109,23,684,50,162,41,386
1565,"PAMBA DOWN, KERALA",NAN,27,6.8,60,5,0.9,0.475,0.475,3050,2003,66,353,101,111,105,122,679,30,132,28,496
1339,"MEENACHIL AT KIDANGOOR, KERALA",NAN,29,7.2,80,6.8,0.8,0.252,0.252,12750,2003,27,295,101,145,124,254,762,25,69,16,104
1340,"MANIMALA  AT KALLOOPARA, KERALA",NAN,27,7,42,7.3,0.4,0.347,0.347,3800,2003,28,281,101,111,114,51,833,6,100,22,603
1384,"MANIMALA AT THONDRA, KERALA",NAN,26,7,51,6.7,0.5,0.3,0.3,2900,2003,31,283,101,96,114,66,761,12,84,18,469
1342,"ACHENKOIL AT THUMPAMON, KERALA",NAN,26,7.1,58,6.8,0.5,0.337,0.337,3000,2003,30,6,101,96,119,70,762,12,95,21,486
1443,"ACHENKOIL AT CHENNITHULA, KERALA",NAN,26,7,63,6.4,0.6,0.278,0.278,3550,2003,45,1,101,96,114,124,758,17,78,17,569
1442,"VAMANAPURAM, KERALA",NAN,27,6.8,72,6.6,0.6,0.53,0.53,1350,2003,44,640,101,111,105,226,760,17,148,36,127
1563,"AMARAVILA, KERALA",NAN,26,6.8,83,6.5,0.9,0.417,0.417,1350,2003,64,8,101,96,105,255,759,30,117,26,127
1564,"AYUR, KERALA",NAN,24,7,69,6.4,1.2,0.222,0.222,1400,2003,65,26,101,77,114,127,758,50,58,14,143
1566,"THIRURANGADY, KERALA",NAN,28,6.8,88,6.9,0.9,0.307,0.307,1600,2003,67,571,101,127,105,257,763,30,86,19,208
1567,"KUTTIYADY ESTATE, KERALA",NAN,27,6.9,31,7,0.5,0.164,0.164,158,2003,68,252,101,111,109,46,830,12,34,9,200
1568,"VALAYUM, KERALA",NAN,27,6.8,46,6.9,0.5,0.149,0.149,905,2003,69,635,101,111,105,58,763,12,26,6,1047
1569,"THALIPARAMBA, KERALA",NAN,26,7.2,20850,6.5,0.9,0.477,0.477,1475,2003,70,567,101,96,124,30,759,30,133,29,164
1570,"HOSDURG, KERALA",NAN,25,7,24336,6.7,1.1,0.529,0.529,620,2003,71,158,101,85,114,37,761,46,147,35,853
1571,"KAKKADAVU,  KERALA",NAN,25,7.1,77,7.2,0.3,0.411,0.411,985,2003,72,192,101,85,119,230,832,5,116,25,1087
1572,"PADIYATHADKA, KERALA",NAN,25,7.1,76,7,0.4,0.167,0.167,735,2003,73,343,101,85,119,229,830,6,36,10,954
1573,"IRUPANAM, KERALA",NAN,29,6.5,3384,3.7,1.9,0.757,0.757,643,2003,74,183,101,145,91,47,466,95,183,43,877
1093,"ULHAS AT U/S OF NRC BUND AT MOHANE,MAHARASHTRA",NAN,26,7.7,280,6.6,5.7,0.994,0.994,223,2003,5,601,101,96,135,38,760,345,219,48,355
1094,"ULHAS AT U/S OF BADLAPUR, MAHARASHTRA",NAN,27,7.8,183,6.9,5,0.497,0.497,211,2003,6,598,101,111,137,22,763,332,136,30,327
1461,"BHATSA AT D/S OF PISE DAM NEAR PISE VILLAGE (ULHAS), MAHARASHTRA",NAN,24,7.7,107,6.8,5.2,0.386,0.386,208,2003,53,41,101,77,135,3,762,336,109,24,319
1092,"KALU AT ATALE VILLAGE, MAHARASHTRA",NAN,25,7.5,185,5.6,6.5,0.514,0.514,224,2003,4,206,101,85,130,24,681,362,143,33,357
1462,"PATALGANGA NEAR INTAKE OF MIDC W/W, MAHARASHTRA",NAN,27,7.3,157,6,5.6,0.603,0.603,221,2003,54,362,101,111,127,18,755,343,160,39,349
1151,"PATALGANGA AT SHILPHATA, MAHARASHTRA",NAN,28,7.4,150,6.3,6,0.614,0.614,269,2003,10,359,101,127,129,17,757,356,163,42,428
1152,"KUNDALIKA AT ROHA CITY, MAHARASHTRA",NAN,26,7.4,139,5.8,5.9,0.453,0.453,213,2003,11,244,101,96,129,13,683,347,127,27,329
1424,"IMPHAL AT MAHABALI, MANIPUR",NAN,21,7.3,111,7.1,2.4,NAN,NAN,80,2003,37,167,101,47,127,5,831,200,506,869,986
1457,"IMPHAL AT KOIRENGEI, MANIPUR",NAN,21,7.4,74,7.5,1.2,NAN,NAN,64,2003,51,164,101,47,129,228,835,50,506,869,873
1627,"KIYAMGI, MANIPUR",NAN,21,7.5,77,7.4,3.2,NAN,NAN,65,2003,78,230,101,47,130,230,834,259,506,869,883
1628,"MINUTHONG(IMPHAL RIVER, MANIPUR",NAN,21,7.3,97,7.3,1.9,NAN,NAN,78,2003,79,299,101,47,127,261,833,95,506,869,973
1458,"IRIL AT PORAMPET, MANIPUR",NAN,21,7.4,121,7.5,2.7,NAN,NAN,69,2003,52,177,101,47,129,9,835,210,506,869,920
1624,"LILONG, MANIPUR",NAN,21,7.4,142,6.7,1.3,NAN,NAN,73,2003,75,261,101,47,129,14,761,56,506,869,952
1625,"HUMP BRIDGE, MANIPUR",NAN,23,7.3,112,8.1,17.2,NAN,NAN,225,2003,76,159,101,65,127,6,897,159,506,869,358
1626,"HEIRANGOITHONG, MANIPUR",NAN,21,7.5,124,3.7,18.5,NAN,NAN,247,2003,77,156,101,47,130,10,466,166,506,869,398
1427,"UMTREW AT BYRNIHAT EAST, MEGHALAYA",NAN,20,6.9,223,6.3,6.8,NAN,NAN,295,2003,38,626,101,39,109,35,757,367,506,869,475
1428,"KHARKHLA NEAR SUTNGA KHLIERIAT,JAINTIA HILLS DT.,MEGHALAYA",NAN,17,3.1,493,5.8,5.9,NAN,NAN,33,2003,39,220,101,8,28,60,683,347,506,869,535
1631,"MYNTDU RIVER JOWAI, MEGHALAYA",NAN,15,6.9,142,7.3,2.2,NAN,NAN,1573,2003,80,312,101,5,109,14,833,192,506,869,198
1632,"GANOL RIVER TURA, MEGHALAYA",NAN,20,6.9,145,7.8,1.8,NAN,NAN,245,2003,81,112,101,39,109,15,838,90,506,869,393
1633,"SIMSANG RIVER WILLIAMNAGAR, MEGHALAYA",NAN,21,7,145,7.3,2.3,NAN,NAN,363,2003,82,523,101,47,114,15,833,197,506,869,585
1455,"RUSHIKULYA AT GANJAM U/S, ORISSA",NAN,30,8.1,569,8.2,1.6,1.028,1.028,6050,2003,49,503,101,157,143,69,898,74,223,49,839
1456,"RUSHIKULYA AT GANJAM D/S, ORISSA",NAN,27,7.7,28598,7.7,1.7,0.962,0.962,3200,2003,50,500,101,111,135,39,837,81,213,46,524
1642,"NAGAVALLI AT JAYKAYPUR D/S, ORISSA",NAN,30,7.4,219,6.8,3,0.964,0.964,11300,2003,83,316,101,157,129,34,762,255,214,47,56
1643,"NAGAVALLI AT RAYAGADA D/S, ORISSA",NAN,29,7.2,198,7.2,2.1,1.03,1.03,4950,2003,84,321,101,145,124,25,832,185,224,50,728
1685,"ARASALAR RIVER KARAIKAL REGION, PONDICHERRY",NAN,29,8,978,5.4,9,1.24,1.24,NAN,2003,85,23,101,145,142,262,680,396,241,51,1094
1717,"KODRA DAM, MOUNT ABU, RAJASTHAN",NAN,21,7.6,203,6.3,1.9,0.107,0.107,109,2003,95,233,101,47,133,29,757,95,14,3,37
1159,"TAMBIRAPARANI AT BDG.NR. MADURA COATS LTD.PAPAVINASAM,TAMILNADU",NAN,29,7.2,150,7.5,1.3,0.142,0.142,327,2003,15,539,101,145,124,17,835,56,24,5,530
1160,"TAMBIRAPARANI AT CHERANMADEVI,CAUSE WAY,TAMILNADU",NAN,31,7.3,178,6.7,1.5,0.138,0.138,190,2003,16,541,101,167,127,21,761,69,22,4,281
1161,"TAMBIRAPARANI AT TIRUNELVELI,COLLECTORATE,    TAMILNADU.",NAN,29,7.1,214,6.8,2.3,0.585,0.585,350,2003,17,560,101,145,119,32,762,197,157,38,561
1162,"TAMBIRAPARANI AT MURAPPANADU, TAMILNADU",NAN,NAN,7.5,293,7.2,1.2,0.568,0.568,35,2003,18,547,101,178,130,40,832,50,153,37,560
1328,"TAMBIRAPARANI AT PAPPANKULAM,TAMILNADU",NAN,28,6.9,146,7.1,2,0.506,0.506,38,2003,23,550,101,127,109,16,831,177,139,31,602
1329,"TAMBIRAPARANI AT RAIL BDG. NR. AMBASAMUDAM, TAMILNADU",NAN,28,7,136,7.5,1.4,0.609,0.609,205,2003,24,553,101,127,114,12,835,64,161,40,312
1330,"TAMBIRAPARANI AT ARUMUGANERI, TAMILNADU",NAN,NAN,7.9,738,7.2,2.7,0.518,0.518,202,2003,25,537,101,178,139,227,832,210,144,34,307
1450,"PALAR AT VANIYAMBADI WATER SUPPLY HEAD WORK, TAMILNADU",NAN,29,7.5,585,6.3,2.6,0.155,0.155,315,2003,48,345,101,145,130,71,757,206,31,8,516
1403,"GUMTI AT U/S SOUTH TRIPURA,TRIPURA",NAN,28,7.6,98,6.2,1.2,NAN,NAN,570,2003,35,154,101,127,133,263,756,50,506,869,804
1404,"GUMTI AT D/S SOUTH TRIPURA, TRIPURA",NAN,28,7.7,91,6.5,1.3,NAN,NAN,562,2003,36,151,101,127,135,259,759,56,506,869,800
1726,"CHANDRAPUR, AGARTALA D/S OF HAORA RIVER, TRIPURA",NAN,29,7.6,110,5.7,1.1,NAN,NAN,546,2003,98,67,101,145,133,4,682,46,506,869,787
